yf_ticker|name|GICS Sector L1|GICS Sector L2|price|Yield (%)|Growth 3y (%)|Score|Divs TTM|Currency
FFGH.DE|Fidelity Gl HY Crp Bd Rs Enh PAB UCITS ETF Inc USD|Broad Market / Other|Broad Market / Other|4.53|12.73|23.74|17.73|8|EUR
WINC.DE|iShares World Eqt High Income Actv UCITS ETF USD D|Broad Market / Other|Broad Market / Other|5.24|10.85|104.4|15.85|5|EUR
XY7D.DE|Global X S&P 500 Covered Call UCITS ETF USD Dist|Broad Market / Other|Broad Market / Other|14.11|10.83|30.32|15.83|13|EUR
FYUE.DE|Fidelity USD HY Crp Bd Rs Enh PAB UCITS ETFIncEURH|Broad Market / Other|Broad Market / Other|4.61|14.16||14.16|8|EUR
JGPI.DE|JPM Global Eq Prem Inc Active UCITS ETF USD (dist)|Broad Market / Other|Broad Market / Other|23.01|8.62|32.58|13.62|13|EUR
FYUI.DE|Fidelity USD HY Crp Bd Rs Enh PAB UCITS ETFInc USD|Broad Market / Other|Broad Market / Other|4.27|13.45||13.45|8|EUR
IS3K.DE|iShares $ Sht Duration HY Crp Bd UCITS ETF USD D|Broad Market / Other|Broad Market / Other|75.1|8.31|13.37|13.31|4|EUR
IBC2.DE|iShares USD High Yield Corp Bond UCITS EUR Hedged (Dist) ETF|Fixed Income|Bonds|3.75|8.04|10.88|13.04|4|EUR
UIMB.DE|UBS BBG TIPS 10+ UCITS ETF USD dis|Broad Market / Other|Broad Market / Other|7.42|7.78|5.09|12.78|2|EUR
IS0R.DE|iShares $ High Yield Corp Bond UCITS ETF USD D|Fixed Income|Bonds|81.49|7.73|9.87|12.73|4|EUR
FFGC.DE|Fidelity Global Government Bond Climate Aware UCITS - EUR Hedged Inc ETF|Fixed Income|Bonds|4.62|7.73|39.29|12.73|8|EUR
IBC7.DE|iShares Fallen Angels High Yield Corp Bond UCITS EUR Hedged (Dist) ETF|Fixed Income|Bonds|4.38|7.32|12.43|12.32|4|EUR
QDVQ.DE|iShares Fallen Angels HY Corp Bd UCITS ETF USD D|Broad Market / Other|Broad Market / Other|4.61|7.23|10.94|12.23|4|EUR
IS0Q.DE|iShares J.P. Morgan $ EM Corp Bd UCITS ETF USD D|Broad Market / Other|Broad Market / Other|76.89|7.1|13.02|12.1|4|EUR
INCU.DE|iShares US Equity High Income Actv UCITS ETF USD D|Broad Market / Other|Broad Market / Other|5.26|6.76|91.66|11.76|4|EUR
SEAD.DE|UBS J.P. Morgan USD EM Diversified Bond 1-5 UCITS hEUR dis ETF|Fixed Income|Bonds|9.17|7.07|4.47|11.53|2|EUR
FEUI.DE|Fidelity Europe Quality Income UCITS - Inc EUR ETF|Broad Market / Other|Broad Market / Other|7.33|6.37|39.69|11.37|8|EUR
SY7D.DE|Global X EURO STOXX 50 Covered Call UCITS - EUR Distributing ETF|Broad Market / Other|Broad Market / Other|14.64|11.31||11.31|12|EUR
UEFE.DE|UBS JPM EM Mlt-Fc Enhcd LC Bond UCITS ETF USD dis|Fixed Income|Bonds|11.44|5.71|7.07|10.71|2|EUR
IM2A.DE|BNPPE FTSEEPRA/NAREITEurozone Capped UCITS ETF QDD|Broad Market / Other|Broad Market / Other|5.8|5.69|12.66|10.69|4|EUR
ASWL.DE|Rex Tech Innovation Inc & Growth UCITS ETF USD Dis|Information Technology|Technology Hardware & Software|26.59|10.67||10.67|11|EUR
UEF9.DE|UBS Core BBG US Liquid Corp UCITS ETF USD dis|Broad Market / Other|Broad Market / Other|12.3|5.66|5.07|10.66|2|EUR
IUS7.DE|iShares JP Morgan $ EM Bond UCITS ETF USD Dis|Fixed Income|Bonds|78.08|5.86|4.55|10.41|12|EUR
JEQP.DE|JPMorgan NASDAQ Eqt Prem Inc Actv UCITS ETF USD D|Information Technology|Technology Hardware & Software|24.98|10.1||10.1|12|EUR
FRC4.DE|UBS BBG Euro Inflation Linked 10+ UCITS EUR dis ETF|Broad Market / Other|Broad Market / Other|14.15|4.97|28.05|9.97|2|EUR
FYEQ.DE|Fidelity Emerging Markets Quality Income UCITS - Inc USD ETF|Broad Market / Other|Broad Market / Other|7.74|4.96|50.3|9.96|8|EUR
EXSH.DE|iShares STOXX Europe Select Dividend 30 UCITS (DE) ETF|Broad Market / Other|Broad Market / Other|26.25|4.86|7.5|9.86|4|EUR
BS30.DE|Invesco BlltShs 2030 USD Crp Bd UCITS ETF Dist|Broad Market / Other|Broad Market / Other|4.36|4.65|80.86|9.65|4|EUR
IQQD.DE|iShares UK Dividend UCITS ETF GBP (Dist)|Broad Market / Other|Broad Market / Other|11.65|4.65|5.33|9.65|4|EUR
BAT3.DE|L&G UK Quality Div Gbp Dist|Broad Market / Other|Broad Market / Other|14.68|4.63|9.14|9.63|4|EUR
BS29.DE|Invesco BlltShs 2029 USD Crp Bd UCITS ETF Dist|Broad Market / Other|Broad Market / Other|4.58|4.61|82.95|9.61|4|EUR
CBUS.DE|iShares Core UK Gilts UCITS EUR Hedged (Dist) ETF|Broad Market / Other|Broad Market / Other|4.34|4.59|17.03|9.59|2|EUR
GLBD.DE|Invesco Gl Crp Bd ESG Cl Transition UCITS ETF Dist|Broad Market / Other|Broad Market / Other|4.39|4.57|56.21|9.57|4|EUR
IBB1.DE|iShares USD Treasury Bond 7-10yr UCITS EUR Hedged (Dist) ETF|Fixed Income|Bonds|3.7|4.55|7.49|9.55|2|EUR
DXSA.DE|Xtrackers Euro Stoxx Quality Dividend UCITS ETF 1D|Broad Market / Other|Broad Market / Other|29.5|4.52|10.02|9.52|4|EUR
BS28.DE|Invesco BlltShs 2028 USD Crp Bd UCITS ETF Dist|Broad Market / Other|Broad Market / Other|4.65|4.47|78.71|9.47|4|EUR
IQQA.DE|iShares Euro Dividend UCITS ETF EUR Dist|Broad Market / Other|Broad Market / Other|25.84|4.45|6.36|9.45|4|EUR
IUSM.DE|iShares $ Treasury Bd 7-10y UCITS ETF USD Dist|Fixed Income|Bonds|145.49|4.36|6.35|9.36|2|EUR
BS27.DE|Invesco BlltShs 2027 USD Crp Bd UCITS ETF Dist|Broad Market / Other|Broad Market / Other|4.72|4.32|76.07|9.32|4|EUR
BS26.DE|Invesco BlltShs 2026 USD Crp Bd UCITS ETF Dist|Broad Market / Other|Broad Market / Other|4.73|4.29|72.16|9.29|4|EUR
IBCQ.DE|iShares Global Corp Bond EUR Hedged UCITS (Dist) ETF|Fixed Income|Bonds|81.73|4.26|6.62|9.26|2|EUR
SPYV.DE|State Street SPDR S&P Emerging Markets Dividend Aristocrats UCITS ETF|Broad Market / Other|Broad Market / Other|15.33|4.12|6.92|9.12|2|EUR
FLXD.DE|Franklin European Quality Dividend UCITS ETF|Broad Market / Other|Broad Market / Other|35.37|4.1|12.09|9.1|4|EUR
SYBG.DE|State Street SPDR Bloomberg UK Gilt UCITS ETF|Fixed Income|Bonds|47.79|4.07|19.16|9.07|2|EUR
CEBX.DE|iShares US Aggregate Bond UCITS EUR Hedged (Dist) ETF|Fixed Income|Bonds|4.69|4.03|135.27|9.03|2|EUR
SPP3.DE|StSt SPDR BBG 3-7 Y U.S. Treas Bd UCITS ETF Dist|Broad Market / Other|Broad Market / Other|23.84|4.01|7.34|9.01|2|EUR
CEBW.DE|iShares US Mortgage Backed Securities UCITS EUR Hedged (Dist) ETF|Broad Market / Other|Broad Market / Other|4.73|3.91|94.55|8.91|2|EUR
36B7.DE|iShares Global Corp Bond UCITS EUR Hedged (Dist) ETF|Fixed Income|Bonds|3.98|4.51|4.39|8.9|2|EUR
SYBM.DE|StSt SPDR BBG Em Mkts Local Bond UCITS ETF Dist|Fixed Income|Bonds|50.5|5.27|3.6|8.87|2|EUR
DBXI.DE|Xtrackers FTSE MIB UCITS 1D ETF|Broad Market / Other|Broad Market / Other|49.9|3.86|12.5|8.86|2|EUR
PR1P.DE|Amundi Core USD Corporate Bond UCITS Dist ETF|Fixed Income|Bonds|15.06|4.74|4.11|8.85|1|EUR
IS05.DE|iShares EUR Govt Bond 20yr Target Duration UCITS EUR (Dist) ETF|Fixed Income|Bonds|2.94|3.84|5.21|8.84|2|EUR
SYBT.DE|StSt SPDR Bloomberg U.S. Treas Bond UCITS ETF Dist|Fixed Income|Bonds|82.25|3.83|7.81|8.83|2|EUR
UIME.DE|UBS MSCI EMU Value UCITS ETF EUR dis|Broad Market / Other|Broad Market / Other|62.9|3.82|24.65|8.82|2|EUR
SYBL.DE|State Street SPDR Bloomberg 15+ Year Gilt UCITS ETF|Fixed Income|Bonds|37.83|5.37|3.44|8.82|2|EUR
SPYW.DE|State Street SPDR S&P Euro Dividend Aristocrats UCITS ETF|Broad Market / Other|Broad Market / Other|29.47|3.8|13.27|8.8|2|EUR
SPP7.DE|StSt SPDR BBG 7-10 Y U.S. Treas Bd UCITS ETF Dist|Broad Market / Other|Broad Market / Other|21.48|4.28|4.51|8.79|2|EUR
VAGE.DE|Vanguard Global Aggregate Bond UCITS EUR Hedged Distributing ETF|Fixed Income|Bonds|19.68|3.74|8.46|8.74|12|EUR
SPYG.DE|State Street SPDR S&P UK Dividend Aristocrats UCITS ETF|Broad Market / Other|Broad Market / Other|15.2|3.73|14.34|8.73|2|EUR
LGGE.DE|L&G Eur X-UK Qual Div Eur Dist|Broad Market / Other|Broad Market / Other|17.98|3.73|17.2|8.73|4|EUR
SYB5.DE|State Street SPDR Bloomberg 1-5 Year Gilt UCITS ETF|Fixed Income|Bonds|56.43|3.73|15.91|8.73|2|EUR
SYBV.DE|State Street SPDR Bloomberg 10+ Year Euro Government Bond UCITS ETF|Fixed Income|Bonds|21.07|3.7|5.7|8.7|2|EUR
EXSG.DE|iShares EURO STOXX Select Dividend 30 UCITS (DE) EUR (Dist) ETF|Broad Market / Other|Broad Market / Other|23.43|4.47|4.21|8.68|4|EUR
EHBD.DE|Invesco Euro Corporate Hybrid Bond UCITS Dist ETF|Fixed Income|Bonds|38.17|3.67|10.3|8.67|4|EUR
GSXG.DE|Goldman Sachs Global Green Bond UCITS - Class EUR-Hedged (dist) ETF|Fixed Income|Bonds|46.97|3.67|39.0|8.67|2|EUR
TCBT.DE|VanEck iBoxx EUR Corporates UCITS ETF|Broad Market / Other|Broad Market / Other|16.39|3.66|32.84|8.66|4|EUR
EXH5.DE|iShares STOXX Europe 600 Insurance UCITS (DE) ETF|Financials|Banks & Financial Services|52.91|3.58|12.88|8.58|4|EUR
V20D.DE|Vanguard LifeStrategy 20% Equity UCITS ETF EUR Dis|Broad Market / Other|Broad Market / Other|22.16|3.57|9.28|8.57|2|EUR
IQQS.DE|iShares EURO STOXX Small UCITS EUR (Dist) ETF|Broad Market / Other|Broad Market / Other|52.33|3.53|28.43|8.53|4|EUR
AK8C.DE|Amundi Global Government Tilted Green Bond UCITS DIST ETF|Fixed Income|Bonds|17.64|3.51|118.36|8.51|1|EUR
EXX1.DE|iShares EURO STOXX Banks 30-15 UCITS (DE) EUR (Dist) ETF|Financials|Banks & Financial Services|29.84|3.49|19.17|8.49|2|EUR
EXV1.DE|iShares STOXX Europe 600 Banks UCITS (DE) ETF|Financials|Banks & Financial Services|41.31|3.49|12.32|8.49|4|EUR
IS3J.DE|iShares $ Short Dur Corp Bd UCITS ETF USD Dist|Broad Market / Other|Broad Market / Other|87.22|4.34|4.12|8.46|4|EUR
LDCE.DE|PIMCO Advantage Euro Low Duration Corporate Bond UCITS - EUR Income ETF|Fixed Income|Bonds|98.61|3.46|12.5|8.46|4|EUR
FGEU.DE|Fidelity Global Quality Income UCITS - EUR hedged Inc ETF|Broad Market / Other|Broad Market / Other|10.0|3.45|39.44|8.45|8|EUR
SPFE.DE|StSt SPDR BBG Gl Aggrt Bd EUR Hdg UCITS ETF Dist|Broad Market / Other|Broad Market / Other|24.83|3.43|7.63|8.43|2|EUR
FRC3.DE|UBS CoreBBG Euro Inflation Linked Bond 1-10 UCITS EUR dis ETF|Fixed Income|Bonds|14.12|3.42|32.71|8.42|2|EUR
UEF6.DE|UBS BBG Euro Area Liq Crp 1-5 UCITS ETF EUR dis|Broad Market / Other|Broad Market / Other|12.87|3.36|13.35|8.36|2|EUR
UBUM.DE|UBS S&P Dividend Aristocrats ESG Elite UCITS USD dis ETF|Broad Market / Other|Broad Market / Other|11.06|3.33|18.74|8.33|2|EUR
OM3F.DE|iShares   Corp Bond ESG SRI UCITS ETF EUR Dis|Fixed Income|Bonds|4.63|3.32|5.12|8.32|2|EUR
SYBZ.DE|StSt SPDR BBG Global Aggregate Bond UCITS ETF Dis|Fixed Income|Bonds|21.92|3.3|5.35|8.3|2|EUR
FGEQ.DE|Fidelity Global Quality Income UCITS Inc-USD ETF|Broad Market / Other|Broad Market / Other|10.46|3.3|36.62|8.3|8|EUR
CHSC.DE|UBS MSCI United Kingdom UCITS ETF hEUR dis|Broad Market / Other|Broad Market / Other|3.05|3.29|29.14|8.29|2|EUR
IBCS.DE|iShares   Corp Bond Large Cap UCITS ETF EUR Dist|Fixed Income|Bonds|120.74|3.26|8.64|8.26|4|EUR
MDBU.DE|UBS Sustainable Dev Bank Bonds UCITS ETF USD dis|Financials|Banks & Financial Services|9.31|3.24|18.66|8.24|2|EUR
IS06.DE|iShares   Corp Bond BBB-BB UCITS ETF EUR (Dist)|Fixed Income|Bonds|4.74|3.23|10.63|8.23|3|EUR
UIMA.DE|UBS Core MSCI Europe UCITS ETF EUR dis|Broad Market / Other|Broad Market / Other|104.26|3.23|23.03|8.23|2|EUR
IS3B.DE|iShares EUR Corp Bond Financials UCITS EUR (Dist) ETF|Financials|Banks & Financial Services|99.6|3.23|6.84|8.23|2|EUR
LGGM.DE|L&G Em Quality Div USD Dist|Broad Market / Other|Broad Market / Other|12.18|3.22|6.88|8.22|4|EUR
BD30.DE|Invesco BulletShares 2030 EUR Corporate Bond UCITS - Dist ETF|Fixed Income|Bonds|4.99|3.2|113.78|8.2|4|EUR
BE29.DE|Invesco BulletShares 2029 EUR Corporate Bond UCITS - Dist ETF|Fixed Income|Bonds|5.06|3.19|116.67|8.19|4|EUR
PR1S.DE|Amundi Core US Treasury Bond UCITS ETF Dist|Fixed Income|Bonds|16.29|3.17|13.74|8.17|1|EUR
XZDE.DE|Xtrackers MSCI Europe High Dividend Yield ESG UCITS ETF|Broad Market / Other|Broad Market / Other|40.1|3.17|10.95|8.17|4|EUR
XZDZ.DE|Xtrackers MSCI EMU High Dividend Yield ESG UCITS ETF|Broad Market / Other|Broad Market / Other|40.24|3.17|12.16|8.17|4|EUR
EUNT.DE|iShares   Corp Bond 1-5 yr UCITS ETF EUR (Dist)|Fixed Income|Bonds|105.0|3.12|9.96|8.12|2|EUR
XDEP.DE|Xtrackers iBoxx EUR Corp Bd Yld Plus UCITS ETF 1D|Broad Market / Other|Broad Market / Other|14.73|3.11|15.27|8.11|2|EUR
UIMC.DE|UBS BBG MSCI Euro Area Liquid Corp Sustainable UCITS EUR dis ETF|Broad Market / Other|Broad Market / Other|12.58|3.57|4.54|8.1|2|EUR
30IG.DE|iShares iBonds Dec 2030 Term Corp UCITS EUR (Dist) ETF|Broad Market / Other|Broad Market / Other|5.0|3.09|67.3|8.09|4|EUR
EXSE.DE|iShares STOXX Europe Small 200 UCITS (DE) ETF|Broad Market / Other|Broad Market / Other|39.37|3.08|23.07|8.08|4|EUR
ZPRI.DE|StSt SPDR Mstar Mlt-Asst Gl Infra UCITS ETF Dist|Broad Market / Other|Broad Market / Other|32.4|3.07|6.14|8.07|2|EUR
DXPJ.DE|Xtrackers MSCI Pacific ex Japan UCITS ETF|Broad Market / Other|Broad Market / Other|10.38|3.07|93.96|8.07|2|EUR
IBCL.DE|iShares Govt Bond 15-30yr UCITS ETF EUR (Dist)|Fixed Income|Bonds|150.98|3.92|4.12|8.04|2|EUR
HYLE.DE|iShares Global High Yield Corp Bond UCITS EUR Hedged (Dist) ETF|Fixed Income|Bonds|4.15|5.97|2.06|8.03|3|EUR
EIGC.DE|Franklin Euro IG Corporate UCITS ETF|Fixed Income|Bonds|25.81|3.02|17.22|8.02|2|EUR
IBCM.DE|iShares   Govt Bond 7-10yr UCITS ETF EUR (Dist)|Fixed Income|Bonds|177.26|3.02|5.88|8.02|2|EUR
JEQE.DE|JPM Nasdaq Equity Premium Income Active UCITS EUR Hedged dist ETF|Information Technology|Technology Hardware & Software|22.82|8.0||8.0|9|EUR
GRON.DE|iShares EUR Green Bond UCITS EUR (Dist) ETF|Fixed Income|Bonds|3.84|2.99|9.99|7.99|2|EUR
IS0M.DE|iShares Italy Govt Bond UCITS EUR (Dist) ETF|Fixed Income|Bonds|144.71|2.98|7.94|7.98|2|EUR
EUNR.DE|iShares   Corp Bond ex-Financials UCITS ETF EUR D|Financials|Banks & Financial Services|105.79|2.98|12.77|7.98|2|EUR
UEFI.DE|UBS Core BBG US Treasury 7-10 UCITS USD dis ETF|Fixed Income|Bonds|33.13|2.97|6.41|7.97|2|EUR
UET5.DE|UBS EURO STOXX 50 ESG UCITS ETF EUR dis|Broad Market / Other|Broad Market / Other|22.83|2.96|9.66|7.96|2|EUR
LMVF.DE|Amundi Core MSCI EMU UCITS ETF Dist|Broad Market / Other|Broad Market / Other|82.81|2.92|27.02|7.92|1|EUR
V40D.DE|Vanguard LifeStrategy 40% Equity UCITS ETF EUR Dis|Broad Market / Other|Broad Market / Other|27.14|2.91|9.17|7.91|2|EUR
QDVL.DE|iShares   Corp Bond 0-3Yr ESG SRI UCITS ETF EUR D|Fixed Income|Bonds|4.94|2.91|7.14|7.91|2|EUR
FJPI.DE|Fidelity Japan Eq Research Enh UCITS ETF Inc JPY|Broad Market / Other|Broad Market / Other|5.05|2.9|62.19|7.9|4|EUR
29GI.DE|iShares iBonds Dec 2029 Term Corp UCITS EUR (Dist) ETF|Broad Market / Other|Broad Market / Other|5.05|2.9|64.9|7.9|4|EUR
SECD.DE|iShares EUR Govt Bond Climate UCITS EUR (Dist) ETF|Fixed Income|Bonds|3.89|2.89|7.98|7.89|2|EUR
BE27.DE|Invesco BulletShares 2027 EUR Corporate Bond UCITS - Dist ETF|Fixed Income|Bonds|5.33|2.87|107.45|7.87|4|EUR
EXSD.DE|iShares STOXX Europe Mid 200 UCITS (DE) ETF|Broad Market / Other|Broad Market / Other|65.5|2.87|10.44|7.87|4|EUR
JAGG.DE|JPM Glbl Aggrgte Bd Active UCITS ETF - USD (dist)|Broad Market / Other|Broad Market / Other|8.74|2.86|27.38|7.86|2|EUR
EXXV.DE|iShares Dow Jones Eurozone Sustainability Screened UCITS (DE) ETF|Broad Market / Other|Broad Market / Other|22.68|2.86|20.17|7.86|4|EUR
BE28.DE|Invesco BulletShares 2028 EUR Corporate Bond UCITS - Dist ETF|Fixed Income|Bonds|5.21|2.85|105.98|7.85|4|EUR
D5BE.DE|Xtrackers II US Treasuries 1-3 UCITS ETF|Broad Market / Other|Broad Market / Other|147.32|2.84|8.48|7.84|2|EUR
ASWN.DE|Infrastructure Capital Prfrd Inc UCITS ETF USD Dis|Utilities|Utilities|16.46|7.82||7.82|11|EUR
PR1R.DE|Amundi Prime Euro Government Bond UCITS Dist ETF|Fixed Income|Bonds|16.46|2.79|18.07|7.79|1|EUR
EHDL.DE|Invesco FTSE EM High Div Low Vlty UCITS ETF Dist|Broad Market / Other|Broad Market / Other|26.86|4.61|3.17|7.78|4|EUR
CGB.DE|Xtrackers II Harvest China Government Bond UCITS 1D ETF|Fixed Income|Bonds|20.5|2.78|8.21|7.78|3|EUR
V3ET.DE|VanEck European Equal Weight Screened UCITS ETF|Broad Market / Other|Broad Market / Other|93.62|2.77|14.08|7.77|4|EUR
BE26.DE|Invesco BulletShares 2026 EUR Corporate Bond UCITS - Dist ETF|Fixed Income|Bonds|5.41|2.76|101.15|7.76|4|EUR
EUNS.DE|iShares   CpBd exFin 1-5Yr ESG SRI UCITS ETF EURD|Broad Market / Other|Broad Market / Other|104.33|2.75|15.26|7.75|2|EUR
XZEP.DE|Xtrackers MSCI Europe ESG UCITS ETF|Broad Market / Other|Broad Market / Other|583.5|2.72|735.46|7.72|2|EUR
LCUK.DE|Amundi UK Equity All Cap UCITS ETF - Dist|Broad Market / Other|Broad Market / Other|17.68|2.72|11.76|7.72|1|EUR
EXH6.DE|iShares STOXX Europe 600 Media UCITS (DE) ETF|Communication Services|Communication Services|33.19|2.71|31.02|7.71|3|EUR
EUNH.DE|iShares Core   Govt Bond UCITS ETF EUR D|Fixed Income|Bonds|104.83|2.7|19.1|7.7|2|EUR
IS0Z.DE|iShares Global AAA-AA Govt Bd UCITS ETF USD D|Broad Market / Other|Broad Market / Other|68.06|2.69|11.25|7.69|2|EUR
IS0X.DE|iShares Global Corp Bond UCITS ETF USD Dist|Fixed Income|Bonds|75.36|4.46|3.2|7.66|2|EUR
FUSD.DE|Fidelity US Quality Income UCITS Inc-USD ETF|Broad Market / Other|Broad Market / Other|12.23|2.66|33.93|7.66|8|EUR
EUN4.DE|iShares   Aggregate Bond ESG SRI UCITS ETF EUR D|Fixed Income|Bonds|103.74|2.65|13.84|7.65|2|EUR
TGBT.DE|VanEck iBoxx EUR Sovereign Diversifi 1-10|Fixed Income|Bonds|11.83|2.62|21.5|7.62|3|EUR
SYBB.DE|State Street SPDR Bloomberg Euro Government Bond UCITS ETF|Fixed Income|Bonds|53.59|2.62|30.03|7.62|2|EUR
EUNX.DE|iShares US Aggregate Bond UCITS ETF USD (Dist)|Fixed Income|Bonds|80.12|3.9|3.72|7.62|2|EUR
XB27.DE|Xtrackers II Target Maturity Sept 2027 EUR Corporate Bond UCITS ETF|Fixed Income|Bonds|25.97|2.62|15.47|7.62|4|EUR
10AK.DE|Amundi Core Global Government Bond UCITS Dist ETF|Fixed Income|Bonds|42.67|2.62|16.16|7.62|1|EUR
XDDX.DE|Xtrackers DAX ESG Screened UCITS ETF|Broad Market / Other|Broad Market / Other|159.32|2.62|8.97|7.62|1|EUR
IQQM.DE|iShares EURO STOXX Mid UCITS ETF EUR (Dist)|Broad Market / Other|Broad Market / Other|88.02|2.61|6.04|7.61|4|EUR
EUN8.DE|iShares   Govt Bond 10-15yr UCITS ETF EUR (Dist)|Fixed Income|Bonds|137.43|3.56|4.06|7.61|2|EUR
EXSI.DE|iShares EURO STOXX UCITS (DE) ETF|Broad Market / Other|Broad Market / Other|65.97|2.6|12.24|7.6|4|EUR
EXI5.DE|iShares STOXX Europe 600 Real Estate UCITS (DE) ETF|Real Estate|Real Estate|12.88|2.6|18.15|7.6|4|EUR
ZPD3.DE|State Street SPDR S&P Global Dividend Aristocrats Screened UCITS ETF|Broad Market / Other|Broad Market / Other|20.91|3.52|4.07|7.59|4|EUR
EXSA.DE|iShares STOXX Europe 600 UCITS (DE) EUR (Dist) ETF|Broad Market / Other|Broad Market / Other|63.05|2.59|9.05|7.59|4|EUR
IS0P.DE|iShares Spain Govt Bond UCITS EUR (Dist) ETF|Fixed Income|Bonds|145.82|2.57|22.76|7.57|2|EUR
EXSC.DE|iShares STOXX Europe Large 200 UCITS (DE) ETF|Broad Market / Other|Broad Market / Other|65.41|2.55|8.16|7.55|4|EUR
XMVE.DE|Xtrackers MSCI EMU Screened UCITS - 1D ETF|Broad Market / Other|Broad Market / Other|39.45|2.54|5.47|7.54|2|EUR
9E0E.DE|Amundi Euro Aggregate Bond ESG UCITS DR - EUR (D) ETF|Fixed Income|Bonds|43.73|2.54|24.16|7.54|1|EUR
EXW1.DE|iShares Core EURO STOXX 50 UCITS (DE) ETF|Broad Market / Other|Broad Market / Other|63.29|2.54|8.34|7.54|4|EUR
AH50.DE|Xtrackers Harvest CSI A500 UCITS 1D ETF|Broad Market / Other|Broad Market / Other|28.92|2.53|12.07|7.53|3|EUR
SYBA.DE|State Street SPDR Bloomberg Euro Aggregate Bond UCITS ETF|Fixed Income|Bonds|52.49|2.53|17.62|7.53|2|EUR
UIM4.DE|UBS Core MSCI EMU UCITS EUR dis ETF|Broad Market / Other|Broad Market / Other|211.7|2.52|10.6|7.52|2|EUR
COVR.DE|PIMCO Advantage Covered Bond UCITS - EUR Income ETF|Fixed Income|Bonds|102.13|2.52|21.12|7.52|1|EUR
28IY.DE|iShares iBonds Dec 2028 Term Italy Govt Bond UCITS EUR (Dist) ETF|Fixed Income|Bonds|5.06|2.51|49.53|7.51|4|EUR
SLMB.DE|iShares MSCI EMU Screened UCITS ETF EUR Dist|Broad Market / Other|Broad Market / Other|9.14|2.51|5.69|7.51|2|EUR
X03C.DE|Xtrackers II Eurozone Government Bond 3-5 UCITS 1D ETF|Fixed Income|Bonds|179.74|2.51|51.62|7.51|2|EUR
XD5E.DE|Xtrackers MSCI EMU UCITS 1D ETF|Broad Market / Other|Broad Market / Other|67.76|2.48|7.06|7.48|2|EUR
X03F.DE|Xtrackers II Eurozone Government Bond UCITS 1D ETF|Fixed Income|Bonds|163.18|2.48|7.45|7.48|2|EUR
IBCN.DE|iShares   Govt Bond 3-5yr UCITS ETF EUR (Dist)|Fixed Income|Bonds|156.78|2.47|8.34|7.47|2|EUR
RIZD.DE|Rize Global Sustainable Infrastructure UCITS USD acc ETF|Utilities|Utilities|5.56|2.47|15.14|7.47|2|EUR
EXH3.DE|iShares STOXX Europe 600 Food & Beverage UCITS (DE) ETF|Consumer Staples|Consumer Staples|61.53|2.46|6.24|7.46|4|EUR
UEFD.DE|UBS MSCI EMU Small Cap UCITS EUR dis ETF|Broad Market / Other|Broad Market / Other|148.76|2.44|6.86|7.44|1|EUR
IBC9.DE|iShares Global HY Corp Bond UCITS ETF USD Dist|Fixed Income|Bonds|75.99|5.9|1.54|7.44|3|EUR
UIMD.DE|UBS MSCI Pacific ex Japan UCITS ETF USD dis|Broad Market / Other|Broad Market / Other|48.26|3.0|4.44|7.44|2|EUR
JRED.DE|JPM Europe Rsrch Enh Idx Eqty Actv UCITS ETF EUR D|Broad Market / Other|Broad Market / Other|50.22|2.43|14.28|7.43|4|EUR
FLXX.DE|Franklin Global Quality Dividend UCITS ETF|Broad Market / Other|Broad Market / Other|38.64|2.42|9.86|7.42|4|EUR
UIMZ.DE|UBS Factor MSCI EMU Prime Value Screened UCITS EUR dis ETF|Broad Market / Other|Broad Market / Other|25.76|2.41|8.0|7.41|2|EUR
EXH8.DE|iShares STOXX Europe 600 Retail UCITS (DE) ETF|Consumer Discretionary|Consumer Discretionary|43.97|2.39|5.52|7.39|4|EUR
6PSC.DE|Invesco RAFI Europe Fundamental Value UCITS ETF D|Broad Market / Other|Broad Market / Other|15.91|2.83|4.53|7.36|4|EUR
LYMH.DE|Amundi MSCI Greece UCITS ETF Dist|Broad Market / Other|Broad Market / Other|3.01|2.33|52.75|7.33|1|EUR
V60D.DE|Vanguard LifeStrategy 60% Equity UCITS ETF EUR Dis|Broad Market / Other|Broad Market / Other|33.15|2.33|9.67|7.33|2|EUR
XB29.DE|Xtrackers II Target Maturity Sept 2029 EUR Corporate Bond UCITS ETF|Fixed Income|Bonds|25.79|2.33|15.47|7.33|4|EUR
RQFI.DE|Xtrackers Harvest CSI300 UCITS 1D ETF|Broad Market / Other|Broad Market / Other|11.19|2.32|35.35|7.32|3|EUR
UETC.DE|UBS MSCI China Universal UCITS USD dis ETF|Broad Market / Other|Broad Market / Other|9.1|2.3|70.17|7.3|2|EUR
IS0L.DE|iShares Germany Govt Bond UCITS EUR (Dist) ETF|Fixed Income|Bonds|115.05|2.3|31.15|7.3|2|EUR
IUS6.DE|iShares EUR Covered Bond UCITS EUR (Dist) ETF|Fixed Income|Bonds|138.18|2.29|21.39|7.29|2|EUR
V50D.DE|Amundi Core EURO STOXX 50 UCITS ETF EUR Dist|Broad Market / Other|Broad Market / Other|101.64|2.28|7.7|7.28|1|EUR
ICFP.DE|Invesco MSCI Europe Cath Principles UCITS ETF Dis|Broad Market / Other|Broad Market / Other|68.82|2.28|9.01|7.28|4|EUR
PR1Z.DE|Amundi Prime Eurozone UCITS ETF DR D|Broad Market / Other|Broad Market / Other|39.72|2.27|8.11|7.27|1|EUR
26TP.DE|iShares iBonds Dec 2026 Term Italy Govt Bond UCITS EUR (Dist) ETF|Fixed Income|Bonds|5.06|2.25|40.26|7.25|4|EUR
JEIP.DE|JPMorgan US Eqt Premium Inc Active UCITS ETF USD D|Broad Market / Other|Broad Market / Other|21.77|7.22||7.22|12|EUR
AE5B.DE|Amundi MSCI Europe Action UCITS Dist ETF|Broad Market / Other|Broad Market / Other|133.34|2.12|107.07|7.12|1|EUR
JSRI.DE|BNP Paribas Easy MSCI Japan SRI PAB UCITS ETF|Broad Market / Other|Broad Market / Other|26.38|2.12|18.32|7.12|1|EUR
SPPD.DE|State Street SPDR S&P U.S. Dividend Aristocrats UCITS ETF|Broad Market / Other|Broad Market / Other|8.78|2.12|5.03|7.12|4|EUR
WTEQ.DE|WisdomTree Global Quality Div Growth UCITS ETF USD|Broad Market / Other|Broad Market / Other|36.55|2.11|22.09|7.11|7|EUR
CBUE.DE|iShares USD Treasury Bond 3-7yr UCITS EUR Hedged (Dist) ETF|Fixed Income|Bonds|3.97|4.14|2.95|7.1|2|EUR
EXW3.DE|iShares STOXX Europe 600 Top 20 UCITS ETF (DE)|Broad Market / Other|Broad Market / Other|55.17|2.09|7.27|7.09|4|EUR
IQQU.DE|iShares MSCI Europe ex-UK UCITS ETF EUR (Dist)|Broad Market / Other|Broad Market / Other|54.54|2.09|6.08|7.09|4|EUR
SEAA.DE|UBS J.P. Morgan USD EM Diversified Bond 1-5 UCITS USD dis ETF|Fixed Income|Bonds|9.57|5.49|1.55|7.05|2|EUR
EXH2.DE|iShares STOXX Europe 600 Financial Services UCITS (DE) ETF|Financials|Banks & Financial Services|93.39|1.96|22.94|6.96|4|EUR
EXV8.DE|iShares STOXX Europe 600 Construction & Materials UCITS (DE) ETF|Materials|Materials|81.61|1.95|14.04|6.95|3|EUR
UBUR.DE|UBS Factor MSCI USA Low Volatility UCITS USD dis ETF|Broad Market / Other|Broad Market / Other|29.47|1.94|8.12|6.94|2|EUR
SYBD.DE|StSt SPDR BBG 0-3 Year Euro Corp Bd UCITS ETF Dis|Broad Market / Other|Broad Market / Other|29.62|2.87|4.07|6.94|2|EUR
EGV5.DE|Amundi Euro Government Bond 3-5Y UCITS Dist ETF|Fixed Income|Bonds|129.26|1.93|27.99|6.93|1|EUR
WELY.DE|Amundi S&P World Financials Screened UCITS Dist ETF|Financials|Banks & Financial Services|18.61|1.92|25.14|6.92|1|EUR
JRZD.DE|JPM Eurozone Research Enhanced Index Equity Active UCITS EUR (dist) ETF|Broad Market / Other|Broad Market / Other|39.81|2.29|4.61|6.91|4|EUR
D5BB.DE|Xtrackers II Germany Government Bond UCITS 1D ETF|Fixed Income|Bonds|161.16|1.88|14.01|6.88|2|EUR
EXHE.DE|iShares Pfandbriefe UCITS (DE) ETF|Broad Market / Other|Broad Market / Other|94.55|1.84|21.12|6.84|4|EUR
XZDW.DE|Xtrackers MSCI World High Dividend Yield ESG UCITS ETF|Broad Market / Other|Broad Market / Other|40.7|1.83|8.95|6.83|4|EUR
X03B.DE|Xtrackers II Eurozone Government Bond 1-3 UCITS 1D ETF|Fixed Income|Bonds|156.82|1.81|34.97|6.81|2|EUR
IS3C.DE|iShares J.P. Morgan $ EM Bond EUR Hgd UCITS ETF D|Fixed Income|Bonds|64.49|5.92|0.87|6.8|12|EUR
IQQL.DE|iShares Listed Private Equity UCITS ETF USD D|Broad Market / Other|Broad Market / Other|26.37|3.91|2.87|6.78|2|EUR
XB31.DE|Xtrackers II Target Maturity Sept 2031 EUR Corporate Bond UCITS ETF|Fixed Income|Bonds|29.37|1.77|15.47|6.77|4|EUR
EVSD.DE|Global X European Superdividend UCITS EUR Distribution ETF|Broad Market / Other|Broad Market / Other|20.42|6.75||6.75|12|EUR
36B5.DE|iShares MSCI EM SRI UCITS ETF USD (Dist)|Broad Market / Other|Broad Market / Other|6.9|1.74|7.29|6.74|2|EUR
36BA.DE|iShares USD Corp Bond ESG UCITS EUR Hedged (Dist) ETF|Fixed Income|Bonds|3.73|5.14|1.6|6.74|2|EUR
XB33.DE|Xtrackers II Target Maturity Sept 2033 EUR Corporate Bond UCITS ETF|Fixed Income|Bonds|27.97|1.72|15.47|6.72|4|EUR
EXV4.DE|iShares STOXX Europe 600 Health Care UCITS (DE) ETF|Health Care|Pharmaceuticals & Biotech|107.98|1.72|9.03|6.72|4|EUR
WTER.DE|WisdomTree New Economy Real Estate UCITS ETF USD|Real Estate|Real Estate|23.78|1.71|8.98|6.71|2|EUR
JRDC.DE|JPM China A Research Enhanced Index Equity (ESG) UCITS ETF USD (dist)|Broad Market / Other|Broad Market / Other|20.54|1.71|12.12|6.71|4|EUR
PR1E.DE|Amundi Prime Europe - UCITS ETF DR (D)|Broad Market / Other|Broad Market / Other|36.69|2.32|4.39|6.71|1|EUR
SLMD.DE|iShares MSCI Europe ESG Screened UCITS ETF EUR Dis|Broad Market / Other|Broad Market / Other|8.85|2.5|4.21|6.71|2|EUR
CEB0.DE|iShares China CNY Bond UCITS EUR Hedged (Dist) ETF|Fixed Income|Bonds|5.32|1.69|119.26|6.69|2|EUR
UEFS.DE|UBS BBG USD EM Sovereign UCITS USD dis ETF|Fixed Income|Bonds|8.04|6.67|0.0|6.68|2|EUR
EXV9.DE|iShares STOXX Europe 600 Travel & Leisure UCITS (DE) ETF|Consumer Discretionary|Consumer Discretionary|24.81|1.67|36.7|6.67|4|EUR
UIMR.DE|UBS MSCI EMU Socially Responsible UCITS EUR dis ETF|Broad Market / Other|Broad Market / Other|141.88|1.79|4.88|6.67|2|EUR
XAT1.DE|Invesco USD AT1 CoCo Bond UCITS - EUR Hdg Dist ETF|Fixed Income|Bonds|15.61|6.31|0.34|6.65|4|EUR
LHKG.DE|Amundi MSCI China ESG Selection Extra UCITS Dist ETF|Broad Market / Other|Broad Market / Other|23.14|1.64|255.9|6.64|1|EUR
V3PL.DE|Vanguard ESG DevAsiaPacific AC UCITS ETF Dis|Broad Market / Other|Broad Market / Other|9.37|1.63|7.34|6.63|4|EUR
UEF5.DE|UBS MSCI EM Socially Responsible UCITS USD dis ETF|Broad Market / Other|Broad Market / Other|21.42|1.62|23.93|6.62|2|EUR
PDSE.DE|Invesco Preferred Shares UCITS EUR Hgd Dist ETF|Broad Market / Other|Broad Market / Other|11.43|6.16|0.44|6.6|4|EUR
UIMI.DE|UBS Core MSCI EM UCITS ETF USD dis|Broad Market / Other|Broad Market / Other|154.2|1.58|6.86|6.58|2|EUR
XB4F.DE|Xtrackers II ESG EUR Corporate Bond UCITS 1D ETF|Fixed Income|Bonds|139.1|2.74|3.74|6.49|4|EUR
NADA.DE|Amundi Core MSCI Japan UCITS Dist ETF|Broad Market / Other|Broad Market / Other|96.35|1.47|15.86|6.47|1|EUR
UIM5.DE|UBS Core MSCI Japan UCITS JPY dis ETF|Broad Market / Other|Broad Market / Other|73.16|1.46|10.86|6.46|2|EUR
DXS0.DE|Xtrackers SLI UCITS 1D ETF|Broad Market / Other|Broad Market / Other|248.85|1.44|9.51|6.44|1|EUR
JNHD.DE|Amundi Core MSCI Japan UCITS EUR Hedged Dist ETF|Broad Market / Other|Broad Market / Other|44.63|1.43|26.49|6.43|1|EUR
EXH7.DE|iShares STOXX Europe 600 Personal & Household Goods UCITS (DE) ETF|Broad Market / Other|Broad Market / Other|88.63|2.83|3.6|6.43|4|EUR
HDLV.DE|Invesco S&P 500 High Div Low Vlty UCITS ETF Dist|Broad Market / Other|Broad Market / Other|32.22|3.76|2.66|6.42|4|EUR
WELG.DE|Amundi S&P World Health Care Screened UCITS Dist ETF|Health Care|Pharmaceuticals & Biotech|11.49|1.42|26.6|6.42|1|EUR
D5BC.DE|Xtrackers II Germany Government Bond 1-3 UCITS 1D ETF|Fixed Income|Bonds|137.56|1.42|100.94|6.42|2|EUR
IQQY.DE|iShares Core MSCI Europe UCITS ETF EUR Dist|Broad Market / Other|Broad Market / Other|39.67|2.46|3.96|6.42|4|EUR
IQQJ.DE|iShares MSCI Japan UCITS ETF USD (Dist)|Broad Market / Other|Broad Market / Other|23.25|1.41|15.73|6.41|2|EUR
PR1J.DE|Amundi Prime Japan UCITS DR (D) ETF|Broad Market / Other|Broad Market / Other|40.07|1.37|7.1|6.37|1|EUR
JREI.DE|JPM Japan Rsrch Enh Idx Equity Actv UCITS ETF USDD|Broad Market / Other|Broad Market / Other|36.41|1.34|14.8|6.34|4|EUR
IQQQ.DE|iShares Global Water UCITS ETF USD (Dist)|Materials|Materials|67.18|1.33|9.06|6.33|2|EUR
UBU7.DE|UBS Core MSCI World UCITS USD dis ETF|Broad Market / Other|Broad Market / Other|111.12|1.32|10.72|6.32|2|EUR
EMNJ.DE|iShares MSCI Japan CTB Enh ESG UCITS ETF USD D|Broad Market / Other|Broad Market / Other|8.39|1.32|7.95|6.32|2|EUR
XUEK.DE|Xtrackers S&P Europe ex UK UCITS ETF 1D|Broad Market / Other|Broad Market / Other|88.28|2.38|3.94|6.32|4|EUR
XDNY.DE|Xtrackers MSCI Japan Screened UCITS ETF|Broad Market / Other|Broad Market / Other|21.67|1.3|6.21|6.3|2|EUR
DJAD.DE|Amundi US Treasury Bond Long Dated UCITS ETF Dist|Fixed Income|Bonds|83.09|3.63|2.62|6.26|1|EUR
EXHA.DE|iShares eb.rexx Government Germany UCITS (DE) ETF|Broad Market / Other|Broad Market / Other|121.13|1.25|41.93|6.25|4|EUR
K0MR.DE|L&G Gerd Kommer Multifactor Equity UCITS ETF|Broad Market / Other|Broad Market / Other|14.57|1.33|4.91|6.24|4|EUR
CBUF.DE|iShares MSCI Wld Hlth Care Sec Adv UCITS ETF USD D|Broad Market / Other|Broad Market / Other|7.09|1.22|12.93|6.22|2|EUR
QDVX.DE|Ishrs Europe Quality Adv Div Eur Dist|Broad Market / Other|Broad Market / Other|7.11|3.0|3.22|6.22|4|EUR
XUFN.DE|Xtrackers MSCI USA Financials UCITS 1D ETF|Financials|Banks & Financial Services|35.33|1.22|8.05|6.22|2|EUR
UBUS.DE|UBS Factor MSCI USA Prime Value Screened UCITS USD dis ETF|Broad Market / Other|Broad Market / Other|37.12|1.22|42.16|6.22|2|EUR
GUHY.DE|Goldman Sachs USD HY Bond Active UCITS ETF USD Dis|Fixed Income|Bonds|43.42|6.2||6.2|2|EUR
SPPX.DE|StSt SPDR BBG 10+ Y U.S. Treas Bd UCITS ETF Dist|Broad Market / Other|Broad Market / Other|16.8|5.08|1.05|6.13|2|EUR
XMA1.DE|Xtrackers MSCI EM Asia Screened Swap UCITS ETF|Broad Market / Other|Broad Market / Other|28.61|1.13|58.17|6.13|2|EUR
EXIC.DE|iShares Core DAX UCITS (DE) EUR (Dist) ETF|Broad Market / Other|Broad Market / Other|7.14|1.79|4.31|6.1|2|EUR
TIUP.DE|Amundi US TIPS UCITS ETF Dist|Broad Market / Other|Broad Market / Other|101.31|1.09|24.63|6.09|1|EUR
V3AL.DE|Vanguard ESG Global All Cap UCITS ETF (USD) Dist|Broad Market / Other|Broad Market / Other|7.4|1.09|5.93|6.09|4|EUR
S6X0.DE|Invesco EURO STOXX 50 UCITS Dist ETF|Broad Market / Other|Broad Market / Other|60.81|2.75|3.34|6.09|2|EUR
IQQP.DE|iShares European Property Yield UCITS ETF EUR D|Real Estate|Real Estate|26.56|3.31|2.77|6.08|4|EUR
LYYA.DE|Amundi MSCI World Swap II UCITS ETF Dist|Broad Market / Other|Broad Market / Other|444.32|1.07|10.96|6.07|1|EUR
JRGD.DE|JPM Global Rsrch Enh Idx Eqty Actv UCITS ETF USD D|Broad Market / Other|Broad Market / Other|57.05|1.04|22.86|6.04|4|EUR
LYM8.DE|Amundi MSCI Water UCITS ETF Dist|Materials|Materials|70.73|1.02|18.82|6.02|1|EUR
IQQH.DE|iShares Global Clean Energy Trnstn UCITS ETF USD D|Energy|Energy|8.94|1.02|19.36|6.02|2|EUR
E15H.DE|Amundi Euro Government Inflation-Linked Bond UCITS Dist ETF|Fixed Income|Bonds|140.41|0.97|13.81|5.97|1|EUR
UBUD.DE|UBS Solactive Global Pure Gold Miners UCITS USD dis ETF|Materials|Materials|46.17|0.95|95.7|5.95|2|EUR
B8TQ.DE|Amundi Global Government Inflation-Linked Bond 1-10Y UCITS EUR Hedged Dist ETF|Fixed Income|Bonds|10.58|0.95|19.52|5.95|1|EUR
SP2D.DE|Invesco S&P 500 Equal Weight UCITS ETF Dist|Broad Market / Other|Broad Market / Other|59.87|1.27|4.66|5.94|4|EUR
XDJP.DE|Xtrackers Nikkei 225 UCITS ETF 1D|Broad Market / Other|Broad Market / Other|41.44|0.94|6.77|5.94|2|EUR
TSWE.DE|VanEck World Equal Weight Screened UCITS ETF|Broad Market / Other|Broad Market / Other|43.74|1.74|4.2|5.94|4|EUR
UBU9.DE|UBS Core S&P 500 UCITS ETF USD dis|Broad Market / Other|Broad Market / Other|112.34|0.94|9.22|5.94|2|EUR
UIQL.DE|UBS Core BBG Euro Area Liquid Corp UCITS ETF EURd|Broad Market / Other|Broad Market / Other|10.11|3.64|2.29|5.93|2|EUR
IQQG.DE|iShares Euro Total Market Growth Large UCITS EUR (Dist) ETF|Broad Market / Other|Broad Market / Other|70.44|0.92|5.5|5.92|3|EUR
6TVM.DE|Amundi Core S&P 500 Swap Etf|Broad Market / Other|Broad Market / Other|71.86|0.84|15.09|5.84|1|EUR
JGPD.DE|JPM Global Equity Premium Income Active UCITS EUR Dist ETF|Broad Market / Other|Broad Market / Other|21.85|5.83||5.83|9|EUR
LYPS.DE|Amundi Core S&P 500 Swap UCITS EUR Dist ETF|Broad Market / Other|Broad Market / Other|71.89|0.83|14.21|5.83|1|EUR
QVMP.DE|Invesco S&P 500 QVM UCITS ETF Dist|Broad Market / Other|Broad Market / Other|68.9|0.82|7.61|5.82|4|EUR
EXX5.DE|iShares Dow Jones U.S. Select Dividend UCITS (DE) ETF|Broad Market / Other|Broad Market / Other|97.67|2.35|3.47|5.82|4|EUR
CEMH.DE|iShares $ Short Duration High Yield Corp Bond UCITS EUR Hedged (Dist) ETF|Fixed Income|Bonds|4.77|5.76||5.76|3|EUR
SYBC.DE|State Street SPDR Bloomberg Euro Corporate Bond UCITS ETF|Fixed Income|Bonds|51.69|3.37|2.39|5.76|2|EUR
WEBC.DE|Amundi MSCI North America ESG Broad Transition UCITS Dist ETF|Broad Market / Other|Broad Market / Other|147.32|0.73|8.3|5.73|1|EUR
SPYD.DE|StSt SPDR S&P U.S. Div Aristocrats UCITS ETF Dist|Broad Market / Other|Broad Market / Other|72.95|2.07|3.65|5.71|4|EUR
4UBK.DE|UBS MSCI USA Socially Responsible UCITS USD dis ETF|Broad Market / Other|Broad Market / Other|22.08|0.69|29.71|5.69|2|EUR
IQQT.DE|iShares MSCI Taiwan UCITS ETF USD (Dist)|Broad Market / Other|Broad Market / Other|194.5|0.68|5.15|5.68|1|EUR
XDGM.DE|Xtrackers MDAX ESG Screened UCITS ETF|Broad Market / Other|Broad Market / Other|22.44|1.86|3.78|5.64|1|EUR
TRDE.DE|Invesco US Treasury Bond 7-10 Year UCITS - EUR Hdg Dist ETF|Fixed Income|Bonds|28.47|4.61|1.03|5.64|4|EUR
JRUD.DE|JPM US Research Enhanced Index Equity Active UCITS USD (dist) ETF|Broad Market / Other|Broad Market / Other|63.94|0.63|26.09|5.63|1|EUR
ZPRC.DE|StSt SPDR FTSE Gl Conv Bond UCITS ETF Dist|Fixed Income|Bonds|60.81|0.57|26.47|5.57|2|EUR
QDVW.DE|Ishrs World Quality Div Usd Adv Dist|Broad Market / Other|Broad Market / Other|8.59|2.07|3.49|5.56|4|EUR
LYXE.DE|Amundi USD High Yield Corp Bd ESG UCITS ETF EURH D|Fixed Income|Bonds|73.04|5.56||5.56|1|EUR
WELR.DE|Amundi S&P World Communication Services Screened UCITS Dist ETF|Communication Services|Communication Services|20.0|0.51|16.28|5.51|1|EUR
XUCD.DE|Xtrackers MSCI USA Cons Discretionary UCITS ETF 1D|Broad Market / Other|Broad Market / Other|82.72|0.5|8.3|5.5|2|EUR
JSUD.DE|JPM US RschEnhIdx Eqt SRI PA Atv UCITS ETF USDD|Broad Market / Other|Broad Market / Other|37.99|0.49|32.74|5.49|1|EUR
SELD.DE|Amundi Stoxx Europe Select Dividend 30 UCITS ETF D|Broad Market / Other|Broad Market / Other|24.4|5.45||5.45|1|EUR
UBU3.DE|UBS Core MSCI USA UCITS USD dis ETF|Broad Market / Other|Broad Market / Other|169.26|0.83|4.61|5.44|2|EUR
SYBU.DE|StSt SPDR BBG U.S. Aggregate Bond UCITS ETF Dist|Fixed Income|Bonds|80.11|4.27|1.17|5.44|2|EUR
EXV3.DE|iShares STOXX Europe 600 Technology UCITS (DE) EUR (Dist) EUR (Dist) ETF|Broad Market / Other|Broad Market / Other|103.14|0.4|13.4|5.4|4|EUR
IQSD.DE|Invesco Gl Active ESG Eq UCITS ETF EUR PfHdg Dist|Broad Market / Other|Broad Market / Other|81.33|0.39|11.44|5.39|2|EUR
QYLE.DE|Global X Nasdaq 100 Covered Call UCITS ETF|Information Technology|Technology Hardware & Software|15.08|10.36|-5.58|5.36|11|EUR
QDVP.DE|iShares US Mortgage Backed Sec UCITS ETF USD D|Broad Market / Other|Broad Market / Other|3.54|3.77|1.57|5.34|2|EUR
UIM1.DE|UBS Core EURO STOXX 50 UCITS EUR dis ETF|Broad Market / Other|Broad Market / Other|63.09|2.49|2.84|5.32|2|EUR
XDN0.DE|Xtrackers MSCI Nordic UCITS 1D ETF|Broad Market / Other|Broad Market / Other|52.93|2.65|2.62|5.27|2|EUR
VDIV.DE|VanEck Ms Developed Markets Div Lead UCITS ETF|Broad Market / Other|Broad Market / Other|54.0|3.13|2.14|5.27|4|EUR
CHSS.DE|UBS Core US Treasury 10+ d ETF|Fixed Income|Bonds|7.83|5.24||5.24|2|EUR
BBCK.DE|Invesco Global Buyback Achievers UCITS ETF Dist|Broad Market / Other|Broad Market / Other|66.82|1.43|3.76|5.19|4|EUR
GIGU.DE|Goldman Sachs USD InvGr Crp Bd Act UCITS ETF USD D|Broad Market / Other|Broad Market / Other|43.1|5.16||5.16|2|EUR
EHDV.DE|Invesco EURO STOXX Hi Div Low Vlty UCITS ETF Dist|Broad Market / Other|Broad Market / Other|35.09|4.1|1.05|5.16|4|EUR
FTGG.DE|First Trust Germany AlphaDEX UCITS ETF|Broad Market / Other|Broad Market / Other|34.19|1.72|3.34|5.05|2|EUR
EMNU.DE|iShares MSCI Europe ESG Enhanced UCITS ETF EUR Dis|Broad Market / Other|Broad Market / Other|8.19|2.43|2.53|4.96|2|EUR
GAEM.DE|Goldman Sachs Emerging Markets Green and Social Bond Active UCITS ETF EUR Hedged (Dist)|Fixed Income|Bonds|48.48|4.92||4.92|2|EUR
JEYE.DE|JPM EUR High Yield Bond Active UCITS ETF EUR D|Fixed Income|Bonds|9.84|4.79||4.79|2|EUR
SYB4.DE|StSt SPDR BBG 3-5 Year Euro Govt Bd UCITS ETF Dis|Broad Market / Other|Broad Market / Other|28.25|2.47|2.24|4.71|2|EUR
UDIV.DE|Global X Superdividend UCITS ETF USD Dist|Broad Market / Other|Broad Market / Other|8.56|9.68|-5.78|4.68|12|EUR
DX2G.DE|Xtrackers CAC 40 UCITS 1D ETF|Broad Market / Other|Broad Market / Other|80.13|2.94|1.73|4.67|2|EUR
GXHY.DE|Goldman Sachs EUR HY Bond Active UCITS ETF EUR Dis|Fixed Income|Bonds|48.84|4.65||4.65|2|EUR
INDA.DE|Amundi STOXX Europe 600 Banks UCITS Dist ETF|Financials|Banks & Financial Services|97.77|4.48||4.48|1|EUR
EUN9.DE|iShares   Govt Bond 5-7yr UCITS ETF EUR (Dist)|Fixed Income|Bonds|137.95|2.77|1.6|4.37|2|EUR
CHST.DE|UBS BBG MSCI Gl Liq Crp Sust UCITS ETF hEUR dis|Broad Market / Other|Broad Market / Other|8.74|4.35||4.35|2|EUR
SYBF.DE|State Street SPDR Bloomberg 0-3 Year U.S. Corporate Bond UCITS ETF|Fixed Income|Bonds|43.59|4.32||4.32|2|EUR
SYBN.DE|State Street SPDR Bloomberg 10+ Year U.S. Corporate Bond UCITS ETF|Fixed Income|Bonds|21.47|5.87|-1.6|4.26|2|EUR
IUSZ.DE|iShares Core FTSE 100 UCITS ETF GBP Dist|Broad Market / Other|Broad Market / Other|12.09|3.03|1.12|4.16|4|EUR
ISPA.DE|iShares STOXX Global Select Dividend 100 UCITS (DE) ETF|Broad Market / Other|Broad Market / Other|39.49|3.86|0.26|4.13|4|EUR
LYQY.DE|Amundi EUR High Yield Corporate Bond ESG UCITS ETF Dist|Fixed Income|Bonds|106.05|4.11||4.11|1|EUR
XUHC.DE|Xtrackers MSCI USA Health Care UCITS ETF 1D|Health Care|Pharmaceuticals & Biotech|59.4|1.16|2.93|4.1|2|EUR
IUSV.DE|Ish Trsry Bond 20 Yr Ucits Hgd Dist|Fixed Income|Bonds|2.54|5.12|-1.06|4.07|2|EUR
EXHC.DE|iShares eb.rexx Government Germany 2.5-5.5yr UCITS (DE) ETF|Broad Market / Other|Broad Market / Other|92.17|1.09|2.96|4.05|3|EUR
IWLE.DE|iShares Core MSCI World UCITS EUR Hedged (Dist) ETF|Broad Market / Other|Broad Market / Other|11.0|1.04|3.0|4.05|4|EUR
FTWD.DE|Invesco FTSE All World UCITS ETF Dist|Broad Market / Other|Broad Market / Other|8.13|1.22|2.82|4.04|4|EUR
IQQX.DE|iShares Asia Pacific Dividend UCITS ETF USD (Dist)|Broad Market / Other|Broad Market / Other|28.15|4.09|-0.17|3.92|4|EUR
CHSK.DE|UBS Sustainable Dev Bank Bonds UCITS ETF hEUR dis|Financials|Banks & Financial Services|9.44|3.91||3.91|2|EUR
ASHE.DE|BNP PARIBAS EASY II Short Duration Income Opportunities UCITS EUR (H) Dist ETF|Broad Market / Other|Broad Market / Other|9.74|3.9||3.9|12|EUR
XQUA.DE|Xtrackers ESG USD Emerging Markets Bond Quality Weighted UCITS 1D ETF|Fixed Income|Bonds|8.85|4.75|-0.9|3.85|2|EUR
EGV1.DE|Amundi STOXX Europe 600 Insurance UCITS Dist ETF|Financials|Banks & Financial Services|109.04|3.84||3.84|1|EUR
XGVD.DE|Xtrackers II Global Government Bond UCITS 1D EUR Hedged ETF|Fixed Income|Bonds|164.54|2.85|0.98|3.82|4|EUR
OM3Y.DE|iShares MSCI EM IMI ESG Screened UCITS ETF USD D|Broad Market / Other|Broad Market / Other|8.19|1.57|2.22|3.79|2|EUR
SYBW.DE|StSt SPDR BBG 1-3 Y U.S. Treas Bd UCITS ETF Dist|Broad Market / Other|Broad Market / Other|42.15|3.78||3.78|2|EUR
TRDX.DE|Invesco US Treasury Bond 7-10 Year UCITS ETF Dist|Fixed Income|Bonds|29.63|4.44|-0.68|3.77|4|EUR
WELM.DE|Amundi S&P World Consumer Staples Screened UCITS Dist ETF|Consumer Staples|Consumer Staples|9.81|2.18|1.58|3.76|1|EUR
IQQE.DE|iShares MSCI EM UCITS ETF USD (Dist)|Broad Market / Other|Broad Market / Other|60.36|1.49|2.16|3.65|4|EUR
DFOB.DE|Amundi Euro Government Bond 25+Y UCITS Dist ETF|Fixed Income|Bonds|117.43|3.62||3.62|1|EUR
34GI.DE|iShares iBonds Dec 2034 Term Corp UCITS EUR (Dist) ETF|Broad Market / Other|Broad Market / Other|4.76|3.61||3.61|4|EUR
EXH4.DE|iShares STOXX Europe 600 Industrial Goods & Services UCITS (DE) ETF|Industrials|Industrials|116.44|1.23|2.37|3.59|4|EUR
33GI.DE|iShares iBonds Dec 2033 Term Corp UCITS EUR (Dist) ETF|Broad Market / Other|Broad Market / Other|4.78|3.53||3.53|4|EUR
XGII.DE|Xtrackers II Global Inflation-Linked Bond UCITS 1D EUR Hedged ETF|Fixed Income|Bonds|185.18|1.05|2.47|3.52|4|EUR
CEBD.DE|iShares iBond Dec 2027 Term   Corp UCITS ETF EUR D|Broad Market / Other|Broad Market / Other|5.11|2.85|0.66|3.51|4|EUR
LUTL.DE|Amundi STOXX Europe 600 Utilities UCITS Dist ETF|Utilities|Utilities|150.54|3.44||3.44|1|EUR
QDVD.DE|iShares MSCI USA Quality Dividend Advanced UCITS ETF|Broad Market / Other|Broad Market / Other|59.6|1.49|1.86|3.35|4|EUR
XYPD.DE|Xtrackers II iBoxx Eurozone Government Bond Yield Plus UCITS 1D ETF|Fixed Income|Bonds|137.35|2.69|0.62|3.31|2|EUR
XZEG.DE|Xtrackers II ESG Global Government Bond UCITS 4D - EUR Hedged ETF|Fixed Income|Bonds|5.4|2.64|0.67|3.31|4|EUR
31IG.DE|iShares iBonds Dec 2031 Term Corp UCITS EUR (Dist) ETF|Broad Market / Other|Broad Market / Other|4.88|3.27||3.27|4|EUR
JEBE.DE|JPM EUR IG Corporate Bond Active UCITS ETF EUR D|Fixed Income|Bonds|97.81|3.19||3.19|2|EUR
JGGE.DE|JPM EUR Aggregate Bond Active UCITS ETF EUR dist|Fixed Income|Bonds|9.55|3.13||3.13|2|EUR
GIGE.DE|Goldman Sachs EUR InvGr Crp Bd Act UCITS ETF EUR D|Broad Market / Other|Broad Market / Other|48.94|3.13||3.13|2|EUR
CLOD.DE|Invesco EUR AAA CLO UCITS ETF Dist|Broad Market / Other|Broad Market / Other|20.1|3.13||3.13|4|EUR
SPY5.DE|StSt SPDR S&P 500 UCITS ETF Dist|Broad Market / Other|Broad Market / Other|695.0|0.85|2.25|3.1|4|EUR
EXHD.DE|iShares eb.rexx Government Germany 5.5-10.5yr UCITS (DE) ETF|Broad Market / Other|Broad Market / Other|112.7|1.45|1.65|3.1|3|EUR
IUSA.DE|iShares Core S&P 500 UCITS ETF USD (Dist)|Broad Market / Other|Broad Market / Other|69.33|0.82|2.22|3.04|4|EUR
LGWS.DE|Amundi MSCI EMU Value Factor UCITS ETF Dist|Broad Market / Other|Broad Market / Other|188.88|2.94||2.94|1|EUR
EUN2.DE|iShares Core EURO STOXX 50 UCITS ETF EUR Dist|Broad Market / Other|Broad Market / Other|63.96|2.32|0.58|2.9|4|EUR
CHSP.DE|UBS J.P. Morgan Global Gov ESG Liquid Bond UCITS hEUR dis ETF|Fixed Income|Bonds|8.43|2.9||2.9|2|EUR
EXVM.DE|iShares eb.rexx Government Germany 0-1yr UCITS (DE) EUR (Dist) ETF|Broad Market / Other|Broad Market / Other|76.86|0.76|2.07|2.83|3|EUR
IBCD.DE|iShares $ Corp Bond UCITS ETF USD Dist|Fixed Income|Bonds|84.47|5.19|-2.38|2.81|4|EUR
UEEA.DE|iShares MSCI World SRI UCITS ETF EUR Hedged (Dist)|Broad Market / Other|Broad Market / Other|8.65|1.16|1.64|2.8|4|EUR
BJLT.DE|BNPP Easy EUR Corp Bond SRI PAB 7-10Y UCITS ETF D|Fixed Income|Bonds|9.92|2.72||2.72|1|EUR
EXV2.DE|iShares STOXX Europe 600 Telecommunications UCITS (DE) ETF|Broad Market / Other|Broad Market / Other|26.82|2.31|0.38|2.69|4|EUR
OIGS.DE|Amundi STOXX Europe 600 Energy Screened UCITS Dist ETF|Energy|Energy|150.34|2.67||2.67|1|EUR
TRET.DE|VanEck Global Real Estate UCITS ETF|Real Estate|Real Estate|38.97|3.41|-0.74|2.67|4|EUR
SNA2.DE|iShares $ Treasury Bond UCITS ETF USD Dist|Fixed Income|Bonds|3.6|4.19|-1.52|2.66|2|EUR
JGAD.DE|JPM Global Aggregate Bond Active UCITS - EUR Hedged (dist) ETF|Fixed Income|Bonds|8.1|2.63||2.63|2|EUR
XWD1.DE|Xtrackers MSCI World Swap UCITS 1D ETF|Broad Market / Other|Broad Market / Other|26.98|1.4|1.17|2.57|2|EUR
XUIN.DE|Xtrackers MSCI USA Industrials UCITS 1D ETF|Industrials|Industrials|97.93|0.93|1.64|2.56|2|EUR
V3GE.DE|Vanguard ESG Global Corporate Bond UCITS EUR Hedged - Dist ETF|Fixed Income|Bonds|3.85|4.51|-1.96|2.55|12|EUR
LMWE.DE|Amundi FTSE EPRA NAREIT Global II UCITS ETF Dist|Broad Market / Other|Broad Market / Other|40.71|2.46||2.46|1|EUR
AK8F.DE|Amundi DJ Switzerland Titans 30 UCITS Dist ETF|Broad Market / Other|Broad Market / Other|10.29|2.43||2.43|2|EUR
XSX7.DE|Xtrackers STOXX Europe 600 UCITS ETF|Broad Market / Other|Broad Market / Other|98.69|2.62|-0.19|2.42|4|EUR
ECTD.DE|iShares MSCI Europe Climate Transition Aware UCITS EUR (Dist) ETF|Broad Market / Other|Broad Market / Other|5.76|2.4||2.4|2|EUR
BJLY.DE|BNPPE ESG Enh EUR Crp Bd December 2032 UCITS ETF D|Broad Market / Other|Broad Market / Other|10.05|2.39||2.39|1|EUR
LGWU.DE|Amundi MSCI EMU SmCp ESG Brd Trnstn UCITS ETF D|Broad Market / Other|Broad Market / Other|431.35|2.37||2.37|1|EUR
BJLP.DE|BNP Paribas Easy ESG Enhcd EUR Corp Bd UCITS ETF D|Broad Market / Other|Broad Market / Other|10.14|2.37||2.37|1|EUR
STXH.DE|Amundi Core Stoxx Europe 600 UCITS EUR Hedged Dist ETF|Broad Market / Other|Broad Market / Other|165.16|2.35||2.35|1|EUR
IQQ7.DE|iShares US Property Yield UCITS ETF USD (Dist)|Real Estate|Real Estate|27.32|3.07|-0.72|2.35|4|EUR
EGVD.DE|Invesco EUR Gv and Rltd Grn Bd Wghtd UCITS ETF Dis|Broad Market / Other|Broad Market / Other|4.74|3.19|-0.88|2.3|4|EUR
CEUE.DE|Amundi MSCI Europe ESG Broad Transition UCITS DR - EUR (D) ETF|Broad Market / Other|Broad Market / Other|14.84|2.29||2.29|1|EUR
PSWD.DE|Invesco RAFI All-World Fundamental Val UCITS ETF D|Broad Market / Other|Broad Market / Other|36.29|1.65|0.65|2.29|4|EUR
XEZB.DE|Xtrackers II Eurozone Government Bond ESG Tilted UCITS ETF|Fixed Income|Bonds|39.05|2.28||2.28|2|EUR
CHSB.DE|UBS S&P USA Div Arist ESG Elite UCITS ETF USD dis|Broad Market / Other|Broad Market / Other|3.87|2.28||2.28|2|EUR
MCTD.DE|iShares MSCI EMU Climate Transition Aware UCITS EUR (Dist) ETF|Broad Market / Other|Broad Market / Other|6.38|2.27||2.27|2|EUR
EWSD.DE|Invesco EURO STOXX 50 Equal Weight UCITS Dist ETF|Broad Market / Other|Broad Market / Other|5.32|2.25||2.25|2|EUR
EXH9.DE|iShares STOXX Europe 600 Utilities UCITS (DE) ETF|Utilities|Utilities|55.56|2.46|-0.21|2.24|4|EUR
6TVL.DE|Amundi STOXX Europe 600 Consumer Discretionary UCITS Dist ETF|Consumer Discretionary|Consumer Discretionary|35.29|2.24||2.24|1|EUR
VEGE.DE|Vanguard EUR Eurozone Government 1-3 Year Bond UCITS EUR Distributing ETF|Fixed Income|Bonds|4.94|2.22||2.22|12|EUR
SYB3.DE|State Street SPDR Bloomberg 1-3 Year Euro Government Bond UCITS ETF|Fixed Income|Bonds|51.51|2.22||2.22|2|EUR
G1CD.DE|Invesco Global Clean Energy UCITS ETF Dist|Energy|Energy|19.86|1.02|1.17|2.19|4|EUR
UIM7.DE|UBS MSCI World UCITS ETF USD dis|Broad Market / Other|Broad Market / Other|445.39|0.88|1.31|2.19|2|EUR
BJLZ.DE|BNPPE ESG Enh EUR Crp Bd December 2029 UCITS ETF D|Broad Market / Other|Broad Market / Other|10.31|2.13||2.13|1|EUR
EXU1.DE|Xtrackers MSCI World ex USA UCITS ETF|Broad Market / Other|Broad Market / Other|11.24|2.12||2.12|4|EUR
XUTE.DE|Xtrackers II US Treasuries UCITS 2D EUR Hedged ETF|Broad Market / Other|Broad Market / Other|85.96|3.71|-1.58|2.12|4|EUR
SYBK.DE|StSt SPDR BBG U.S. HY Crp Scored UCITS ETF Dist|Broad Market / Other|Broad Market / Other|34.7|7.11|-5.6|2.11|2|EUR
AK8E.DE|Amundi SDAX UCITS Dist ETF|Broad Market / Other|Broad Market / Other|10.28|2.04||2.04|2|EUR
MWOE.DE|Amundi Core MSCI World UCITS Dist ETF|Broad Market / Other|Broad Market / Other|16.58|1.06|0.96|2.02|1|EUR
IS04.DE|iShares $ Treasury Bond 20+yr UCITS ETF USD D|Fixed Income|Bonds|2.57|4.97|-2.94|2.02|2|EUR
WEXF.DE|Amundi MSCI World ex USA UCITS Dist ETF|Broad Market / Other|Broad Market / Other|12.02|1.89||1.89|1|EUR
EPAZ.DE|Amundi S&P Eurozone Climate Paris Aligned UCITS Dist ETF|Broad Market / Other|Broad Market / Other|27.23|1.87||1.87|1|EUR
IQQ6.DE|iShares Dvlp Mrkts Prop Yld UCITS ETF USD Dist|Broad Market / Other|Broad Market / Other|21.26|3.12|-1.25|1.87|4|EUR
EUHI.DE|PIMCO Advantage Euro Short-Term High Yield Corporate Bond UCITS - EUR Income ETF|Fixed Income|Bonds|9.09|4.55|-2.69|1.86|12|EUR
E6BR.DE|Amundi STOXX Europe 600 Basic Resources UCITS Dist ETF|Materials|Materials|167.62|1.84||1.84|1|EUR
10AJ.DE|Amundi FTSE EPRA NAREIT Global UCITS Dist ETF|Broad Market / Other|Broad Market / Other|53.63|2.82|-0.98|1.84|1|EUR
EU03.DE|iShares Govt Bond 0-3 month UCITS EUR (Dist) ETF|Fixed Income|Bonds|5.06|1.73||1.73|2|EUR
EUN5.DE|iShares Core   Corp Bond UCITS ETF EUR D|Fixed Income|Bonds|116.25|3.43|-1.69|1.73|2|EUR
5MVW.DE|iShares MSCI World Energy Sector UCITS ETF USD D|Energy|Energy|8.97|2.36|-0.63|1.73|2|EUR
EH1Y.DE|iShares Broad EUR High Yield Corp Bond UCITS EUR (Dist) ETF|Fixed Income|Bonds|4.74|5.59|-3.91|1.68|3|EUR
BJLQ.DE|BNP Paribas Easy ESG Enhcd EUR Govt Bd UCITS ETF D|Broad Market / Other|Broad Market / Other|9.63|1.66||1.66|1|EUR
XUEN.DE|Xtrackers MSCI USA Energy UCITS 1D ETF|Energy|Energy|58.3|1.91|-0.31|1.6|2|EUR
GB1D.DE|Invesco Gl HY Corp Bd ESG Cl Trnstn UCITS ETF Dist|Broad Market / Other|Broad Market / Other|4.93|6.59|-5.19|1.59|4|EUR
FAHY.DE|Invesco US High Yield Fallen Angels UCITS ETF Dist|Fixed Income|Bonds|18.36|6.58|-6.83|1.58|4|EUR
VCAS.DE|Vanguard EUR Cash UCITS ETF EUR Dist|Broad Market / Other|Broad Market / Other|15.02|1.54||1.54|9|EUR
FESE.DE|Fidelity ESG USD EM Bond UCITS ETF Inc EURH|Fixed Income|Bonds|4.59|1.53||1.53|1|EUR
INDU.DE|Amundi STOXX Europe 600 Industrials UCITS Dist ETF|Industrials|Industrials|201.4|1.53||1.53|1|EUR
2B7F.DE|iShares Automation & Robotics UCITS ETF USD D|Information Technology|Technology Hardware & Software|13.63|0.27|1.22|1.49|2|EUR
AEMD.DE|Amundi Core MSCI Emerging Markets UCITS EUR Dist ETF|Broad Market / Other|Broad Market / Other|78.73|1.46|0.0|1.46|1|EUR
AK8G.DE|Amundi MDAX ESG UCITS ETF|Broad Market / Other|Broad Market / Other|10.34|1.45||1.45|2|EUR
XUTC.DE|Xtrackers MSCI USA Information Technology UCITS 1D ETF|Information Technology|Technology Hardware & Software|166.16|0.24|1.21|1.45|2|EUR
DFOP.DE|Amundi STOXX Europe 600 Consumer Staples UCITS Dist ETF|Consumer Staples|Consumer Staples|127.5|1.4||1.4|1|EUR
SPYJ.DE|State Street SPDR Dow Jones Global Real Estate UCITS ETF|Real Estate|Real Estate|31.77|2.59|-1.25|1.35|4|EUR
EHLT.DE|Amundi STOXX Europe 600 Healthcare UCITS Dist ETF|Health Care|Pharmaceuticals & Biotech|187.1|1.34||1.34|1|EUR
UIMT.DE|UBS MSCI Pacific Socially Responsible UCITS USD dis ETF|Broad Market / Other|Broad Market / Other|91.17|1.34||1.34|2|EUR
IQQ4.DE|iShares Asia Property Yield UCITS ETF USD Dist|Real Estate|Real Estate|18.24|3.78|-2.45|1.32|4|EUR
UIM2.DE|UBS Factor MSCI EMU Quality Screened UCITS EUR dis ETF|Broad Market / Other|Broad Market / Other|27.87|1.64|-0.33|1.31|1|EUR
H417.DE|HSBC PLUS EM Eq Inc Quant Active UCITS ETF USD Dis|Broad Market / Other|Broad Market / Other|12.39|1.3||1.3|3|EUR
XB30.DE|Xtrackers II Target Maturity Sept 2030 EUR Corporate Bond UCITS ETF|Fixed Income|Bonds|35.33|1.25||1.25|4|EUR
6PSA.DE|Invesco RAFI US Fundamental Value UCITS ETF Dist|Broad Market / Other|Broad Market / Other|40.32|1.09|0.15|1.24|4|EUR
SPSA.DE|State Street SPDR MSCI All Country World Investable Market UCITS ETF|Broad Market / Other|Broad Market / Other|12.75|1.23||1.23|4|EUR
XB28.DE|Xtrackers II Target Maturity Sept 2028 EUR Corporate Bond UCITS ETF|Fixed Income|Bonds|35.79|1.23||1.23|4|EUR
XEQL.DE|Xtrackers S&P 500 Equal Weight Swap UCITS 1D ETF|Broad Market / Other|Broad Market / Other|34.08|1.2||1.2|2|EUR
XB34.DE|Xtrackers II Target Maturity Sept 2034 EUR Corporate Bond UCITS ETF|Fixed Income|Bonds|33.6|1.19||1.19|4|EUR
WEBG.DE|Amundi Prime All Country World UCITS Dist ETF|Broad Market / Other|Broad Market / Other|13.96|1.15||1.15|1|EUR
MWOL.DE|Amundi Prime Global UCITS Dist ETF|Broad Market / Other|Broad Market / Other|45.04|1.12||1.12|1|EUR
FYEI.DE|Fidelity EUR HY Crp Bd Rs Enh PAB UCITS ETFInc EUR|Broad Market / Other|Broad Market / Other|4.84|1.12||1.12|1|EUR
LYX4.DE|Amundi STOXX Europe 600 Basic Materials UCITS Dist ETF|Materials|Materials|301.2|1.11||1.11|1|EUR
2B7J.DE|iShares MSCI World SRI UCITS ETF USD (Dist)|Broad Market / Other|Broad Market / Other|10.58|1.15|-0.06|1.09|4|EUR
BCFJ.DE|UBS MSCI World Selection UCITS hEUR dis ETF|Broad Market / Other|Broad Market / Other|26.99|1.07||1.07|2|EUR
EXH1.DE|iShares STOXX Europe 600 Oil & Gas UCITS (DE) ETF|Energy|Energy|56.31|2.66|-1.6|1.05|4|EUR
SYBY.DE|StSt SPDR Bloomberg U.S. TIPS UCITS ETF Dist|Broad Market / Other|Broad Market / Other|23.92|6.05|-9.21|1.05|2|EUR
IQQI.DE|iShares Global Infrastructure UCITS ETF USD (Dist)|Utilities|Utilities|32.6|2.1|-1.06|1.04|4|EUR
TRD7.DE|Invesco US Treasury Bond 3-7 Year UCITS ETF Dist|Fixed Income|Bonds|32.24|4.15|-3.11|1.04|4|EUR
XHYG.DE|Xtrackers II EUR High Yield Corporate Bond UCITS 1D ETF|Fixed Income|Bonds|15.48|5.15|-4.12|1.03|4|EUR
IQQF.DE|iShares MSCI AC Far East ex-Jpn UCITS ETF USD D|Broad Market / Other|Broad Market / Other|87.84|0.98|0.05|1.03|4|EUR
JPVD.DE|JPM US Val Eq Active UCITS ETF - USD (dist)|Broad Market / Other|Broad Market / Other|32.87|1.03||1.03|1|EUR
CBUL.DE|iShares USD TIPS 0-5 UCITS EUR Hedged (Dist) UCITS ETF|Broad Market / Other|Broad Market / Other|4.28|5.96|-15.84|0.96|2|EUR
UIMM.DE|UBS MSCI World Socially Responsible UClTS USD dis ETF|Broad Market / Other|Broad Market / Other|189.76|0.86|0.07|0.93|2|EUR
WDSD.DE|StSt SPDR MSCI World Small Cap UCITS ETF Dist|Broad Market / Other|Broad Market / Other|12.11|0.92||0.92|3|EUR
SYBR.DE|StSt SPDR BBG 1-10 Y U.S. Corpo Bd UCITS ETF Dist|Broad Market / Other|Broad Market / Other|25.59|4.68|-3.84|0.84|2|EUR
US4D.DE|StSt SPDR S&P 400 U.S. Mid Cap UCITS ETF Dist|Broad Market / Other|Broad Market / Other|32.14|0.82||0.82|4|EUR
US4E.DE|State Street SPDR S&P 400 U.S. Mid Cap UCITS ETF|Broad Market / Other|Broad Market / Other|35.18|0.81||0.81|4|EUR
WEBI.DE|Amundi Core MSCI USA UCITS Dist ETF|Broad Market / Other|Broad Market / Other|53.23|0.78||0.78|1|EUR
UCTD.L|iShares MSCI USA Clmt Trans Aware UCITS ETF USD D|Broad Market / Other|Broad Market / Other|5.35|0.75||0.75|2|USD
XISP.DE|Xtrackers S&P 500 Swap II UCITS - 1D ETF|Broad Market / Other|Broad Market / Other|38.02|0.73||0.73|2|EUR
S5SD.DE|UBS S&P 500 Scored & Screened UCITS USD dis ETF|Broad Market / Other|Broad Market / Other|47.56|0.72||0.72|2|EUR
WEBP.DE|Amundi S&P 500 Climate Paris Aligned UCITS Dist ETF|Broad Market / Other|Broad Market / Other|30.09|0.71||0.71|1|EUR
XUTD.DE|Xtrackers II US Treasuries UCITS ETF 1D|Broad Market / Other|Broad Market / Other|164.84|3.54|-2.89|0.65|4|EUR
UEEH.DE|iShares Edge MSCI World Minimum Volatility UCITS USD (Dist) ETF|Broad Market / Other|Broad Market / Other|5.94|1.6|-1.08|0.52|2|EUR
XIEE.DE|Xtrackers MSCI Europe UCITS 1D ETF|Broad Market / Other|Broad Market / Other|90.2|2.49|-2.01|0.49|4|EUR
IQQW.DE|iShares MSCI World UCITS ETF USD (Dist)|Broad Market / Other|Broad Market / Other|94.55|0.83|-0.36|0.46|4|EUR
SYBJ.DE|StSt SPDR Bloomberg Euro HY Bond UCITS ETF Dist|Fixed Income|Bonds|49.59|5.45|-23.48|0.45|2|EUR
BCFN.DE|UBS Nasdaq-100 UCITS ETF USD dis|Information Technology|Technology Hardware & Software|32.24|0.39||0.39|2|EUR
JAUD.DE|JPM US Equity Active UCITS ETF - USD (dist)|Broad Market / Other|Broad Market / Other|33.87|0.36||0.36|1|EUR
JPGD.DE|JPM US Gro Eq Active UCITS ETF - USD (dist)|Broad Market / Other|Broad Market / Other|35.28|0.35||0.35|1|EUR
EUNW.DE|iShares   High Yield Corp Bond UCITS ETF EUR D|Fixed Income|Bonds|88.77|5.3|-9.36|0.3|3|EUR
JYEH.DE|JPMorgan Global High Yield Corporate Bond Multi-Factor UCITS ETF EUR Hedged (dist)|Fixed Income|Bonds|88.99|5.25|-9.74|0.25|2|EUR
UIM3.DE|UBS FTSE 100 UCITS ETF GBP dis|Broad Market / Other|Broad Market / Other|114.42|2.74|-2.56|0.18|2|EUR
IS3L.DE|iShares $ Ultrashort Bond UCITS ETF USD Dist|Fixed Income|Bonds|88.45|5.17|-5.52|0.17|4|EUR
XDGE.DE|Xtrackers USD Corporate Bond UCITS 2D EUR Hedged ETF|Fixed Income|Bonds|9.59|5.07|-9.11|0.07|4|EUR
SXRH.DE|iShares $ TIPS 0-5 UCITS ETF USD Dist|Broad Market / Other|Broad Market / Other|4.32|5.01|-12.17|0.01|2|EUR
4UB9.DE|UBS MSCI World SR UCITS ETF USD dis|Broad Market / Other|Broad Market / Other|24.05|1.0|-1.07|-0.07|2|EUR
DX2S.DE|Xtrackers S&P ASX 200 UCITS 1D ETF|Broad Market / Other|Broad Market / Other|44.55|2.68|-2.76|-0.07|2|EUR
SYBS.DE|State Street SPDR Bloomberg Sterling Corporate Bond UCITS ETF|Fixed Income|Bonds|58.45|4.81|-13.47|-0.19|2|EUR
EUNY.DE|iShares EM Dividend UCITS ETF USD (Dist)|Broad Market / Other|Broad Market / Other|17.47|4.74|-6.59|-0.26|4|EUR
SXRR.DE|iShares $ Floating Rate Bd UCITS ETF EUR Hgd Dist|Broad Market / Other|Broad Market / Other|4.28|4.69|-13.84|-0.31|2|EUR
SYBQ.DE|StSt SPDR BBG 0-5 Y Strlg Corp Bd UCITS ETF Dist|Broad Market / Other|Broad Market / Other|33.89|4.68|-16.88|-0.32|2|EUR
ZPR5.DE|StSt SPDR ICE BofA 0-5Y EMUSDGvtBd UCITS ETF Dist|Broad Market / Other|Broad Market / Other|23.86|4.68|-17.85|-0.32|2|EUR
CBU4.DE|iShares iBond Dec 2028 Term $ Corp UCITS ETF USD D|Broad Market / Other|Broad Market / Other|4.5|4.51|-7.24|-0.49|4|EUR
QDVY.DE|iShares $ Floating Rate Bd UCITS ETF USD Dist|Broad Market / Other|Broad Market / Other|4.52|4.5|-14.81|-0.5|2|EUR
UEF7.DE|UBS BBG US Liquid Corp 1-5 UCITS ETF USD dis|Broad Market / Other|Broad Market / Other|11.92|4.47|-7.36|-0.53|2|EUR
XBAG.DE|Xtrackers II ESG Global Aggregate Bond UCITS 1D ETF|Fixed Income|Bonds|33.18|3.09|-3.74|-0.65|4|EUR
VUSC.DE|Vanguard USD Corpo 1-3 Year Bd UCITS ETF USD D|Broad Market / Other|Broad Market / Other|43.18|4.31|-8.25|-0.69|12|EUR
CBU8.DE|iShares iBond Dec 2026 Term $ Corp UCITS ETF USD D|Broad Market / Other|Broad Market / Other|4.47|4.27|-10.8|-0.73|4|EUR
3SUE.DE|iShares MSCI Wld Cons Stpls Sec Adv UCITS ETF USDD|Broad Market / Other|Broad Market / Other|5.22|2.3|-3.24|-0.94|2|EUR
XHY1.DE|Xtrackers II Rolling Target Maturity Sept 2027 EUR High Yield UCITS ETF|Fixed Income|Bonds|8.52|4.05|-15.05|-0.95|2|EUR
ASRG.DE|BNPP Easy EUR HY SRI Fossil Free UCITS ETF Dis|Broad Market / Other|Broad Market / Other|8.91|4.04|-19.82|-0.96|1|EUR
LYPU.DE|Amundi Australia S&P/ASX 200 UCITS ETF Dist|Broad Market / Other|Broad Market / Other|56.22|2.72|-3.7|-0.98|1|EUR
IS3F.DE|iShares $ Corp Bd Int Rate Hgd UCITS ETF USD Dist|Broad Market / Other|Broad Market / Other|93.15|4.0|-15.8|-1.0|4|EUR
ZPRG.DE|State Street SPDR S&P Global Dividend Aristocrats UCITS ETF|Broad Market / Other|Broad Market / Other|34.1|3.93|-8.31|-1.07|4|EUR
WELL.DE|Amundi S&P World Information technology Screened UCITS Dist ETF|Information Technology|Technology Hardware & Software|29.55|0.24|-1.33|-1.09|1|EUR
IUSU.DE|iShares $ Treasury Bd 1-3yr UCITS ETF USD Dist|Fixed Income|Bonds|111.24|3.85|-7.16|-1.15|2|EUR
ECMF.DE|Invesco EUR Corp Bd ESG Mlt Factor UCITS ETF Dist|Broad Market / Other|Broad Market / Other|4.92|3.19|-4.38|-1.19|4|EUR
ZSRI.DE|BNP Paribas Easy MSCI Europe SRI PAB UCITS ETF|Broad Market / Other|Broad Market / Other|33.18|2.38|-3.59|-1.21|1|EUR
IBCC.DE|iShares $ Treasury Bond 0-1yr UCITS ETF USD D|Fixed Income|Bonds|4.39|3.75|-27.28|-1.25|2|EUR
TRD1.DE|Invesco US Treasury Bond 0-1 Year UCITS ETF Dist|Fixed Income|Bonds|36.02|3.74|-14.68|-1.26|4|EUR
DXS1.DE|Xtrackers II GBP Overnight Rate Swap UCITS 1D ETF|Broad Market / Other|Broad Market / Other|213.04|3.73|-14.4|-1.27|2|EUR
EXI2.DE|iShares Dow Jones Global Titans 50 UCITS (DE) EUR (Dist) ETF|Broad Market / Other|Broad Market / Other|120.5|0.31|-1.77|-1.45|3|EUR
IQQC.DE|iShares China Large Cap UCITS ETF USD (Dist)|Broad Market / Other|Broad Market / Other|85.1|2.01|-3.49|-1.48|4|EUR
UDHY.DE|iShares Broad $ High Yield Corp Bd UCITS ETF USD D|Fixed Income|Bonds|4.06|3.5|-34.96|-1.5|2|EUR
UEFF.DE|UBS Core BBG US Treasury 1-3 UCITS USD dis ETF|Fixed Income|Bonds|21.28|3.44|-6.78|-1.56|2|EUR
LGQI.DE|Amundi Global Equity Quality Income UCITS ETF D|Broad Market / Other|Broad Market / Other|155.4|3.1|-6.39|-1.9|1|EUR
IQQB.DE|iShares MSCI Brazil UCITS ETF USD (Dist)|Broad Market / Other|Broad Market / Other|30.19|3.07|-17.98|-1.93|4|EUR
IB28.DE|iShares iBonds Dec 2028 Term EUR Corp UCITS EUR (Dist) ETF|Broad Market / Other|Broad Market / Other|5.11|3.04|-7.7|-1.96|4|EUR
EUED.DE|iShares UltraShort Bond ESG SRI UCITS EUR (Dist) ETF|Fixed Income|Bonds|5.02|2.99|-11.19|-2.01|4|EUR
IUSC.DE|iShares MSCI EM Latin America UCITS ETF USD D|Broad Market / Other|Broad Market / Other|20.49|2.99|-5.58|-2.01|2|EUR
UIMY.DE|UBS Factor MSCI EMU Low Volatility UCITS EUR dis ETF|Broad Market / Other|Broad Market / Other|18.45|2.97|-12.39|-2.03|1|EUR
EXV5.DE|iShares STOXX Europe 600 Automobiles & Parts UCITS (DE) EUR (Dist) ETF|Broad Market / Other|Broad Market / Other|38.13|2.96|-31.8|-2.04|2|EUR
IS3M.DE|Ishs Eur Ultrashort Bd Ucits Etf (Dist)|Broad Market / Other|Broad Market / Other|100.82|2.94|-10.95|-2.06|4|EUR
LEEU.DE|Amundi FTSE EPRA Europ Real Estate UCITS ETF EUR D|Real Estate|Real Estate|27.97|2.93|-21.77|-2.07|1|EUR
ZPRA.DE|State Street SPDR S&P Pan Asia Dividend Aristocrats UCITS ETF|Broad Market / Other|Broad Market / Other|50.28|2.92|-17.31|-2.08|2|EUR
JMLP.DE|Alerian Midstream Energy Dividend UCITS ETF Dist|Energy|Energy|17.94|2.89|-6.6|-2.11|4|EUR
IB26.DE|iShares iBonds Dec 2026 Term EUR Corp UCITS EUR (Dist) ETF|Broad Market / Other|Broad Market / Other|5.05|2.89|-11.9|-2.11|4|EUR
PJS1.DE|PIMCO Euro Short Maturity UCITS ETF EUR Inc|Broad Market / Other|Broad Market / Other|97.19|2.87|-11.5|-2.13|12|EUR
36B3.DE|iShares MSCI Europe SRI UCITS ETF EUR (Dist)|Broad Market / Other|Broad Market / Other|7.94|2.0|-4.14|-2.14|4|EUR
IUSB.DE|iShares Global Timber & Forestry UCITS ETF USD D|Broad Market / Other|Broad Market / Other|19.94|2.8|-5.6|-2.2|2|EUR
UIM9.DE|UBS MSCI Canada UCITS ETF CAD dis|Broad Market / Other|Broad Market / Other|57.72|1.44|-3.66|-2.22|2|EUR
APXJ.DE|Amundi MSCI Pacific Ex Japan SRI Climate Paris Aligned UCITS DR - EUR (D) ETF|Broad Market / Other|Broad Market / Other|9.56|2.72|-8.42|-2.28|1|EUR
EUN6.DE|iShares   Govt Bond 0-1yr UCITS ETF EUR D|Fixed Income|Bonds|98.89|1.94|-4.27|-2.33|2|EUR
IUSP.DE|iShares JPM EM Local Govt Bond UCITS ETF USD D|Fixed Income|Bonds|40.36|2.58|-31.59|-2.42|2|EUR
IS0Y.DE|iShares   Cp Bd IntRt Hedg ESG SRI UCITS ETF EURD|Broad Market / Other|Broad Market / Other|98.96|2.58|-22.01|-2.42|2|EUR
ASR5.DE|BNPP Easy EUR Corp Bond SRI PAB 3-5Y UCITS ETF D|Fixed Income|Bonds|9.05|2.54|-15.22|-2.46|1|EUR
EXV7.DE|iShares STOXX Europe 600 Chemicals UCITS (DE) ETF|Broad Market / Other|Broad Market / Other|127.02|2.02|-4.51|-2.49|4|EUR
EFRN.DE|iShares Floating Rate Bond Advanced UCITS ETF|Fixed Income|Bonds|5.08|2.47|-22.3|-2.53|2|EUR
CBUD.DE|iShares MSCI Europe SRI UCITS EUR Hedged (Dist) ETF|Broad Market / Other|Broad Market / Other|5.6|1.96|-4.54|-2.58|4|EUR
EUNJ.DE|iShares MSCI Pacific ex-Japan UCITS ETF USD (Dist)|Broad Market / Other|Broad Market / Other|49.49|2.4|-8.58|-2.6|3|EUR
UIM6.DE|UBS MSCI USA UCITS ETF USD dis|Broad Market / Other|Broad Market / Other|670.48|0.56|-3.17|-2.61|2|EUR
IS4S.DE|iShares Digital Security UCITS ETF USD (Dist)|Information Technology|Technology Hardware & Software|13.24|0.3|-2.99|-2.69|2|EUR
6PSK.DE|Invesco RAFI Emg Mkts Fundmntal Val UCITS ETF Dist|Broad Market / Other|Broad Market / Other|12.16|2.19|-7.4|-2.81|4|EUR
XUCS.DE|Xtrackers MSCI USA Consumer Staples UCITS ETF 1D|Consumer Staples|Consumer Staples|43.46|1.91|-4.74|-2.82|2|EUR
SXRF.DE|iShares $ Intermediate Credit Bond UCITS ETF USD D|Fixed Income|Bonds|4.19|2.18|-26.28|-2.82|2|EUR
IBCA.DE|iShares   Govt Bond 1-3yr UCITS ETF EUR Dist|Fixed Income|Bonds|139.37|2.17|-7.23|-2.83|2|EUR
ASR3.DE|BNPP Easy EUR Corp Bond SRI PAB 1-3Y UCITS ETF D|Fixed Income|Bonds|9.6|1.98|-26.32|-3.02|1|EUR
FVSH.DE|Franklin Euro Short Maturity UCITS ETF (Dis)|Broad Market / Other|Broad Market / Other|25.64|1.91|-13.84|-3.09|1|EUR
XU6C.DE|BNPP Easy MSCI Emerging SRI PAB UCITS ETF|Broad Market / Other|Broad Market / Other|136.38|1.88|-5.22|-3.12|1|EUR
EXX6.DE|iShares eb.rexx Government Germany 10.5+yr UCITS (DE) ETF|Broad Market / Other|Broad Market / Other|108.24|1.84|-10.59|-3.16|3|EUR
GASF.DE|Goldman Sachs Access China Gv Bd UCITS ETF USD Dis|Broad Market / Other|Broad Market / Other|51.28|1.83|-11.75|-3.17|2|EUR
IQQ5.DE|iShares MSCI Turkey UCITS USD (Dist) ETF|Broad Market / Other|Broad Market / Other|19.18|1.81|-12.54|-3.19|2|EUR
3SUR.DE|iShares MSCI USA SRI UCITS EUR Hedged (Dist) ETF|Broad Market / Other|Broad Market / Other|2267.0|0.86|-4.1|-3.24|2|EUR
IUSW.DE|iShares MSCI Saudi Arabia Capped UCITS ETF USD D|Broad Market / Other|Broad Market / Other|4.55|1.65|-25.73|-3.35|1|EUR
EUNU.DE|iShares Core Gl Aggregate Bd UCITS ETF USD Dis|Broad Market / Other|Broad Market / Other|3.74|1.65|-24.12|-3.35|1|EUR
AYEW.DE|iShares MSCI Wld IT Sector Advanced UCITS ETF USDD|Broad Market / Other|Broad Market / Other|20.06|0.22|-3.58|-3.36|2|EUR
EXV6.DE|iShares STOXX Europe 600 Basic Resources UCITS (DE) ETF|Materials|Materials|84.01|1.64|-11.19|-3.36|3|EUR
AE5A.DE|Amundi Core MSCI Emerging Markets Swap UCITS Dist ETF|Broad Market / Other|Broad Market / Other|68.9|1.64|-14.46|-3.36|1|EUR
EUN3.DE|iShares Global Govt Bond UCITS ETF USD Dist|Fixed Income|Bonds|75.12|1.63|-22.41|-3.37|1|EUR
IQQN.DE|iShares MSCI North America UCITS USD (Dist) ETF|Broad Market / Other|Broad Market / Other|128.84|0.56|-3.94|-3.38|4|EUR
ICGB.DE|iShares China CNY Bond UCITS ETF USD (Dist)|Fixed Income|Bonds|5.13|1.62|-15.45|-3.38|2|EUR
IQQ9.DE|iShares BIC 50 UCITS ETF|Broad Market / Other|Broad Market / Other|20.0|1.59|-12.98|-3.41|2|EUR
BJLH.DE|BNP Paribas Easy JPMTilted EMU GovernmentBond IG 1-3Y - UCITS Capitalisation ETF|Broad Market / Other|Broad Market / Other|10.1|1.58|-23.02|-3.42|1|EUR
MD4X.DE|Amundi MDAX UCITS Dist ETF|Broad Market / Other|Broad Market / Other|143.76|1.56|-7.36|-3.44|1|EUR
DRGE.DE|L&G China CNY Bond UCITS EUR Dist ETF|Fixed Income|Bonds|10.75|1.43|-19.23|-3.57|2|EUR
DRGN.DE|L&G China CNY Bond UCITS ETF USD Dist|Fixed Income|Bonds|9.39|1.42|-19.75|-3.58|2|EUR
WELV.DE|Amundi S&P World Materials Screened UCITS Dist ETF|Materials|Materials|14.66|1.41|-17.41|-3.59|1|EUR
XCJD.DE|Xtrackers MSCI Japan Climate Transition UCITS ETF|Broad Market / Other|Broad Market / Other|44.63|1.32|-7.06|-3.68|4|EUR
UBU5.DE|UBS MSCI USA Value UCITS USD dis ETF|Broad Market / Other|Broad Market / Other|125.84|1.25|-7.86|-3.75|2|EUR
UEFY.DE|UBS SBI Foreign AAA-BBB 1-5 ESG UCITS CHF dis ETF|Broad Market / Other|Broad Market / Other|12.27|1.24|-5.66|-3.76|2|EUR
XDWL.DE|Xtrackers MSCI World UCITS 1D ETF|Broad Market / Other|Broad Market / Other|118.97|1.13|-7.12|-3.87|4|EUR
VIGB.DE|VanEck iBoxx EUR Sov Cp AAA-AA 1-5 UC ETF|Broad Market / Other|Broad Market / Other|18.75|1.07|-12.29|-3.93|1|EUR
XDWY.DE|Xtrackers MSCI World Screened UCITS 1D ETF|Broad Market / Other|Broad Market / Other|28.79|1.03|-7.4|-3.97|4|EUR
FRCJ.DE|UBS MSCI Japan Socially Responsible UCITS JPY dis ETF|Broad Market / Other|Broad Market / Other|32.48|0.97|-8.77|-4.03|2|EUR
IUS4.DE|iShares MSCI Japan Small Cap UCITS ETF USD (Dist)|Broad Market / Other|Broad Market / Other|55.66|0.91|-12.8|-4.09|1|EUR
UEFZ.DE|UBS SBI Foreign AAA-BBB 5-10 ESG UCITS CHF dis ETF|Broad Market / Other|Broad Market / Other|14.6|0.89|-16.68|-4.11|2|EUR
IUSD.DE|iShares MSCI World Islamic UCITS ETF USD (Dist)|Broad Market / Other|Broad Market / Other|63.75|0.88|-6.4|-4.12|2|EUR
36BB.DE|iShares MSCI Wld Cons Dscrt Sec Adv UCITS ETF USDD|Broad Market / Other|Broad Market / Other|7.58|0.83|-5.68|-4.17|2|EUR
XD9D.DE|Xtrackers MSCI USA UCITS 1D ETF|Broad Market / Other|Broad Market / Other|26.93|0.8|-7.25|-4.2|4|EUR
DJAM.DE|Amundi Dow Jones Industrial Average UCITS ETF Dist|Industrials|Industrials|465.3|0.7|-5.07|-4.3|1|EUR
XCUD.DE|Xtrackers MSCI USA Climate Transition UCITS ETF|Broad Market / Other|Broad Market / Other|53.1|0.67|-14.01|-4.33|4|EUR
IQQK.DE|iShares MSCI Korea UCITS ETF USD (Dist)|Broad Market / Other|Broad Market / Other|122.26|0.33|-4.67|-4.34|2|EUR
LYY4.DE|Amundi Japan TOPIX II UCITS ETF EUR Dist|Broad Market / Other|Broad Market / Other|235.0|0.55|-15.48|-4.45|1|EUR
IUS3.DE|iShares S&P SmallCap 600 UCITS ETF USD (Dist)|Broad Market / Other|Broad Market / Other|100.38|0.54|-27.12|-4.46|1|EUR
UIMP.DE|UBS MSCI USA Socially Responsible UClTS USD dis ETF|Broad Market / Other|Broad Market / Other|270.2|0.42|-15.71|-4.58|2|EUR
UBUT.DE|UBS Factor MSCI USA Qlty Scrnd UCITS ETF USD dis|Broad Market / Other|Broad Market / Other|64.14|0.38|-14.3|-4.62|2|EUR
LYM9.DE|Amundi MSCI New Energy UCITS ETF Dist|Energy|Energy|41.87|0.33|-20.23|-4.67|1|EUR
EQQQ.DE|Invesco EQQQ NASDAQ-100 UCITS ETF Dist|Information Technology|Technology Hardware & Software|680.9|0.21|-12.01|-4.79|4|EUR
EXXT.DE|iShares Nasdaq-100 UCITS (DE) ETF|Information Technology|Technology Hardware & Software|270.65|0.14|-12.36|-4.86|3|EUR
